mid,detail_url,screen_name,followers_count,status_province,type,topic_name,attitudes_count,comments_count,reposts_count,text,timeStamp
4892694239253486,https://m.weibo.cn/detail/4892694239253486,升起一抹微光,13.1万,辽宁,video,你的青春里有灌篮高手吗,41,14,9,真的爷青回，我看谁的动了苦涩满满都是回忆，特意找了当年最爱的三首歌做了个串烧，音乐一响起整个人都不行了苦涩《好想大声说爱你》《直到世界尽头》（我的最爱）《只凝视着你》升起一抹微光的微博视频,2023-04-20 20:11:11
4892621246562692,https://m.weibo.cn/detail/4892621246562692,Ni-倪言,129.2万,浙江,search_topic,你的青春里有灌篮高手吗,42,13,1,好你也喜欢打篮球吗你的青春里有灌篮高手吗灌篮高手,2023-04-20 15:21:07
4892731187141059,https://m.weibo.cn/detail/4892731187141059,咖啡布偶猫,82.3万,辽宁,search_topic,一直不谈恋爱能等到更好的人吗,43,12,2,我感觉有的人活的特别拧巴，打比方我认识一个人，老公出差去和交往多年的前女友聊天叙旧，还在一起开房，然后最后跟她说什么都没发生，然后说之所以把这些坦诚的告诉你，是因为知道你能包容，我们是灵魂伴侣是任何人比不上的然后女方转述给我们的时候，说她确实能包容，因为是人就有精神需求，他,2023-04-20 22:38:00
4892662823649427,https://m.weibo.cn/detail/4892662823649427,迷死他赵,46.6万,福建,search_topic,一直不谈恋爱能等到更好的人吗,112,30,1,最近喜欢上一个人，他也说喜欢我，但是突然发现他已经结婚了，可是还是好喜欢他，会期待他的消息，会想他，该怎么办啊，好难受，真的好难受男生真的会爱一个人很久吗一直不谈恋爱能等到更好的人吗,2023-04-20 18:06:20
4892527298348117,https://m.weibo.cn/detail/4892527298348117,李雪爱与自由,194.3万,云南,search_topic,一直不谈恋爱能等到更好的人吗,737,53,92,关键点不在于“谈或不谈”，而在于无论男人怎样，不断发展自己，向内寻求幸福。彼此滋养的伴侣关系，需要两个人都是独立的成年人，自己的人生稳稳地自我负责。找伴侣的意义，不是靠对方，而是心灵契合的伴侣可以拓展彼此的生命蓝图，在持续深度的关系中体验深情。,2023-04-20 09:07:49
4892564224999702,https://m.weibo.cn/detail/4892564224999702,菲菲姐的小花园,31.7万,北京,search_topic,一直不谈恋爱能等到更好的人吗,110,68,51,，等不到更好的人。女孩们，多去，春天里，打扮漂亮。当你明媚、积极、散发出生活的热情时，你就会遇到更好的人。这好像是玄学。但其实是概率论。如果遇到更好的人的概率论只有，那也至少应该次。一次都没有，不可能遇到更好的人。,2023-04-20 11:34:32
4892532708474931,https://m.weibo.cn/detail/4892532708474931,眼科小超人老梁,330.6万,四川,search_topic,一直不谈恋爱能等到更好的人吗,423,50,44,菜齐了再下锅？身边经常有这样的女生，因为喜欢按部就班的安全感，她们错过了很多珍贵的机会。比如，一定要大学毕业、硕士毕业或考上公务员才能谈恋爱。把最好的青春时光浪费在单身上，拿到学位或上岸了，环顾四周，好男生都结婚了，被迫相亲一群歪,2023-04-20 09:29:18
4892499811763082,https://m.weibo.cn/detail/4892499811763082,陌川_MC,30.5万,北京,search_topic,一直不谈恋爱能等到更好的人吗,427,11,5,这个话题就跟“一直不上班的人、能等到更好的工作吗”一样；又如“一直都不搞钱的人、能等到更多的存款吗”一般；逻辑感人，乱七八糟。这类话题还是少上热搜吧，真挺降智的。二哈二哈,2023-04-20 07:18:36
4892384636960880,https://m.weibo.cn/detail/4892384636960880,潇湘晨报,1669.3万,湖南,video,一直不谈恋爱能等到更好的人吗,414,15,142,演说：不要为了结束单身而匆忙去爱一直不谈恋爱能等到更好的人吗？我们对爱的追求在多大程度上是为了结束单身？为什么你到现在还没谈恋爱？英国著名的恋爱专家通过帮助万名男性和女性重新思考他们的爱情生活，告诉大家如何去寻找属于真正属于自己的爱情。来源：英文口语的微博视频,2023-04-19 23:40:55
4892361140999714,https://m.weibo.cn/detail/4892361140999714,cherrymm大师姐,39.7万,上海,search_topic,一直不谈恋爱能等到更好的人吗,599,44,82,大部分人遇到问题的惯性反应是“逃避”，而不是“解决”。工作暂时还未有起色，放弃；感情步入了瓶颈期，分手；试图拥有一段“可以一步到位中间不用经历波澜”的感情，于是一直在挑一直在等，迟迟不谈恋爱；对伴侣有所不满而又暂时看不到解决方案，离婚出轨然而，不会游泳的人，无论你换,2023-04-19 22:07:34
4892332329274661,https://m.weibo.cn/detail/4892332329274661,张三同学,158.3万,北京,search_topic,杭州公布色狼完整姓名合适吗,15874,809,244,关于网友的希望，有些地方已经施行，如下图。民众对违法犯罪愤怒的情绪可以理解，但是从法治的角度这是一个非常危险的信号，一个热搜揭露了现状。,2023-04-19 20:13:05
4892684939957151,https://m.weibo.cn/detail/4892684939957151,柯威廉William,5.8万,广东,search_topic,杭州公布色狼完整姓名合适吗,107,7,22,这个问题，双重标准才是关键所在。前段时间保姆多次猥亵男婴被判刑年，有关部门对作案者性别一直不敢直言，只敢用这个职业都是什么样的人，来暗示作案者是女性。一个社会，对男女性犯罪都用双重标准来对待，有什么资格谈论公平正义？,2023-04-20 19:34:14
4892311069132830,https://m.weibo.cn/detail/4892311069132830,邢立达,620.6万,北京,search_topic,杭州公布色狼完整姓名合适吗,40376,563,1095,不合适应该姓名，照片，身份证号，并在所有地图上有电子标识。,2023-04-19 18:48:36
4892554414261310,https://m.weibo.cn/detail/4892554414261310,人民网评,116.5万,北京,search_topic,杭州公布色狼完整姓名合适吗,57,7,11,示色狼行政处罚合法合情人民热评：公示“色狼”行政处罚合法合情月以来，杭州公开一批色狼行政处罚结果，内容主要是对地铁、公交车上猥亵女乘客的违法者的罚款或拘留处罚决定。面对这样“硬核”的处理方式，不少网友直呼解气，但也有网友担心，类似处罚虽然属于违法行为，但并不构成刑事犯,2023-04-20 10:55:34
4892302982252336,https://m.weibo.cn/detail/4892302982252336,大漂亮傻事,19.2万,江西,search_topic,杭州公布色狼完整姓名合适吗,6813,241,48,我觉得可以不用公示给所有人，你这样，你让做色狼被抓住了的人在自己的朋友圈发一封自己亲笔写的悔罪书，然后要求在一定时间内集齐个真人的点赞。这效果不比公示什么的还好多了？开学季开学季开学季,2023-04-19 18:16:28
4892541650731463,https://m.weibo.cn/detail/4892541650731463,拆台CT,56.3万,山东,search_topic,杭州公布色狼完整姓名合适吗,370,65,12,超成网友支持公开色狼姓名这个投票比例还是可以的。支持，反对，这的反对中，可能还有支持进一步披露更多信息。总之，在是否支持公开色狼信息这件事情上，已经达成了支持公开的主流舆论。虽然不能彻底消灭色狼，但如果有更多的地方加入进来，其空间势必被进一步挤压。就算是色狼，,2023-04-20 10:04:50
4892314398885014,https://m.weibo.cn/detail/4892314398885014,牧牧的PU,484.3万,美国,search_topic,杭州公布色狼完整姓名合适吗,8646,89,57,？想引导什么？哪里不合适？敢猥亵别人却害怕暴露自己？阴沟里的臭虫就该放在阳光底下暴晒,2023-04-19 19:01:50
4892506455805154,https://m.weibo.cn/detail/4892506455805154,妇产科的陈大夫,238.5万,江苏,search_topic,杭州公布色狼完整姓名合适吗,2140,79,63,不合适。因为会误伤重名的人。建议加上身份证号和照片一起公布。同时立法推进该项举措的合法性，以方便全国范围内推广。,2023-04-20 07:45:00
4892685993250869,https://m.weibo.cn/detail/4892685993250869,白夜菌Dream,3.3万,广东,search_topic,杭州公布色狼完整姓名合适吗,92,22,7,人民网评公示色狼行政处罚这评论区彻底炸了啊哆啦梦吃惊哆啦梦吃惊竟然连人民网这种官媒都下场了，将杭州的这次行为定性为合情合法与硬核公布，问题是后续的民众舆论这些媒体该怎么收场？是继续迎合民意要求更多的案件公示个人信息，还是点完即止，只吃一波公示色狼的,2023-04-20 19:38:25
4892641508985394,https://m.weibo.cn/detail/4892641508985394,沈绪淮,1912.3万,河北,video,男生真的会爱一个人很久吗,6964,818,2071,我和老公认识十年，恋爱六年，刚开始的感受，爱我爱到了骨子里。后来越来越平淡，他也越来越趋近于一个正常恋爱的状态，不再把我当成命样守着护着，我有一段时间怅然过：他是不是不爱我了，或者说不再像以前那样爱我了。我问他是不是不爱我了，他的回答是：从未。他,2023-04-20 16:41:39
4892731187141059,https://m.weibo.cn/detail/4892731187141059,咖啡布偶猫,82.3万,辽宁,search_topic,男生真的会爱一个人很久吗,44,12,2,我感觉有的人活的特别拧巴，打比方我认识一个人，老公出差去和交往多年的前女友聊天叙旧，还在一起开房，然后最后跟她说什么都没发生，然后说之所以把这些坦诚的告诉你，是因为知道你能包容，我们是灵魂伴侣是任何人比不上的然后女方转述给我们的时候，说她确实能包容，因为是人就有精神需求，他,2023-04-20 22:38:00
4892678871322144,https://m.weibo.cn/detail/4892678871322144,挽回,191.7万,江苏,search_topic,男生真的会爱一个人很久吗,75,22,41,你从过去的感情里学会了什么？愿你能遇到最合适的人，愿现在的你，学会了独立，过得开心。心男生真的会爱一个人很久吗,2023-04-20 19:10:07
4892662823649427,https://m.weibo.cn/detail/4892662823649427,迷死他赵,46.6万,福建,search_topic,男生真的会爱一个人很久吗,112,30,1,最近喜欢上一个人，他也说喜欢我，但是突然发现他已经结婚了，可是还是好喜欢他，会期待他的消息，会想他，该怎么办啊，好难受，真的好难受男生真的会爱一个人很久吗一直不谈恋爱能等到更好的人吗,2023-04-20 18:06:20
4892725562313029,https://m.weibo.cn/detail/4892725562313029,咖啡布偶猫,82.3万,辽宁,search_topic,承受不住压力离职是种失败吗,55,23,6,我发现很多行业，岁之后的员工行情不好了，那么以后选行业，也可以根据自己第几个大运运气好来选，如果好运气恰恰在岁之后，那可以去干一些越老越吃香的工作，比如医生、老师、会计师等等，也可以去做公务员，说不定人生后半程节节高升，如果人生好运在岁之前，那可以去找一些高薪忙碌的行业挣快,2023-04-20 22:15:39
4892560194014932,https://m.weibo.cn/detail/4892560194014932,钱婧BNU,14.6万,天津,search_topic,承受不住压力离职是种失败吗,54,2,12,这两年“内耗”算是个高频词了：纠结、煎熬、折腾、胡思乱想、沉浸在消极情绪里出不来。同事张罗着哪天聚餐，明明不想去，但又在意别人的看法，怕他们觉得自己不合群，左思右想纠结半天。内耗严重的时候，就算没干什么，脑子也闲不下来，一天过去感觉整个人特别累。最近在翻一本可爱轻松的小书《胡思,2023-04-20 11:18:32
4892188616163439,https://m.weibo.cn/detail/4892188616163439,姚凌宇,216.6万,上海,search_topic,承受不住压力离职是种失败吗,419,15,11,算。首先把责任缕清，在职场上承受不住压力，真正错误的是给你压力的那个人，和招你进来的那个人，是他们的误判和不负责任的行为给了你这么大的压力。其次，在工作中我们要有责任感，这并不意味着什么都要从自身出发找原因。多思考下客观原因和大环境，别什么事都,2023-04-19 10:42:00
4892212121308236,https://m.weibo.cn/detail/4892212121308236,贼叉,291.1万,浙江,search_topic,承受不住压力离职是种失败吗,118,20,11,这么说吧，大家都是普通人，承受不住压力跑路再正常不过。英雄为什么难当，哪个英雄不是家破人亡的？英雄一定是要有悲剧元素才能当的，谁都能扛住那叫什么英雄。所以，就算失败，又怎么样？把自己当个普通人就不会有那么多的痛苦。,2023-04-19 12:15:25
4892179410191959,https://m.weibo.cn/detail/4892179410191959,顽皮的郭贝勒,134.6万,北京,search_topic,承受不住压力离职是种失败吗,168,13,22,给你施加压力，造成心理抑郁，没告它就不错了。别一出什么问题，总觉得自己错了，这种反思没意义，是自卑和讨好的体现。不是你失败了，是它太过分了，把人当机器用，变本加厉的压榨。试图打压你，让你觉得失败，是自己能力不足，这是它们的传统艺能。把你说的一文不值，让你觉得一无是处，才能压低价,2023-04-19 10:05:26
4892187861713392,https://m.weibo.cn/detail/4892187861713392,宁津公安,6.8万,山东,search_topic,承受不住压力离职是种失败吗,86,106,0,知识分享：职场维权必知的个时间点承受不住压力离职是种失败吗引关注。职场维权法律常识要知道，劳动权益受损如何维权戳图与你的权益息息相关（人民日报）,2023-04-19 10:39:00
4892181308901244,https://m.weibo.cn/detail/4892181308901244,税后五百万翻番,214.5万,江苏,search_topic,承受不住压力离职是种失败吗,74,6,1,当然不是啊虽然钱和前途很重要，但如果压力造成生理或者心理的异常甚至疾病，那可是得不偿失。,2023-04-19 10:12:59
4892145552720160,https://m.weibo.cn/detail/4892145552720160,苏汶涛,1043.8万,陕西,search_topic,承受不住压力离职是种失败吗,21449,325,268,为什么一定要能承受压力呢，这个想法就不对。苦难不是财富，如果能不吃苦过完这一生，为什么要人为制造苦难。年轻人不需要太内卷，不要总听一些制造焦虑的声音，人生是自己的，努力了就可以了。你觉得自己优秀，就是优秀，不需要别人来定义，凭什么随便一个人就可以影响你,2023-04-19 07:50:53
4892519656325850,https://m.weibo.cn/detail/4892519656325850,李雪爱与自由,194.3万,云南,search_topic,牺牲生活质量的攒钱有必要吗,909,112,104,人生的乐趣，不就是小屁孩的时候喜欢吃的巧克力爸妈给买了一大盒，上大学的时候去超市买一颗没见过的昂贵进口水果尝鲜，刚入职场收入还不高的时候攒钱买一个名牌包。那种新鲜感，对美好生活的期冀，和终于实现时的小确幸，不就是生活的乐趣吗？自己的钱，怎么用，都,2023-04-20 08:37:27
4892527393770719,https://m.weibo.cn/detail/4892527393770719,未味,21.6万,天津,search_topic,牺牲生活质量的攒钱有必要吗,6,47,0,回首过往，您经济最困难的时期，吃的最拮据的一顿饭是什么？（饿肚子不吃除外）举手,2023-04-20 09:08:12
4892509606773849,https://m.weibo.cn/detail/4892509606773849,陌川_MC,30.5万,北京,search_topic,牺牲生活质量的攒钱有必要吗,500,11,30,这个话题是典型的逻辑谬误。不是因为你攒钱、所以才降低了生活质量；而是因为你压根没有生活质量，所以才要攒钱。千万不要陷入逻辑深坑里面去，真正有生活质量的人，都是中高收入，是通过收入支撑了生活，同时还能兼顾攒钱。周知。喵喵喵喵喵喵,2023-04-20 07:57:31
4892525942277912,https://m.weibo.cn/detail/4892525942277912,时代作文,37万,山东,search_topic,牺牲生活质量的攒钱有必要吗,266,41,48,多宣传勤俭持家，少宣传安乐享受。如果你“攒钱”就要牺牲掉“生活质量”，也就是说，要享受就得把钱花光，这说明你的收入还很低，远达不到你设定的“生活质量”的水准线，那就应该做两件事，一是想办法挣钱，二是降低“生活质量”标准。这个话题本身，就是个屌丝要装逼,2023-04-20 09:02:26
4892517374100974,https://m.weibo.cn/detail/4892517374100974,明德先生,64.6万,北京,search_topic,牺牲生活质量的攒钱有必要吗,123,27,7,应该再加一个问号：牺牲生活责任的花钱有必要吗？,2023-04-20 08:28:23
4892525578684042,https://m.weibo.cn/detail/4892525578684042,疯菟子,14.2万,辽宁,search_topic,牺牲生活质量的攒钱有必要吗,104,31,1,公说公有理婆说婆有理的事房贷车贷老人孩子如果占了其中之一之二，甚至之三之四，你敢胡乱花钱？你敢不攒钱？有存款无疑会增加安全感，觉得生活忙忙碌碌一地鸡毛也会踏实些。像我们这种上有老下有小，真怕什么突发事件而存款不够。谁不想生活高质量啊，这不是寄,2023-04-20 09:00:59
4892506091684191,https://m.weibo.cn/detail/4892506091684191,贼叉,291.1万,浙江,search_topic,牺牲生活质量的攒钱有必要吗,252,22,5,你觉得他为什么会牺牲生活质量？还不是因为没有更好的攒钱渠道么？谁不知道吃喝玩乐开心啊？但是钱在当下真的很重要啊。问题来了，收入一般，没有其他副业渠道，家里没有能力资助，在不动用刑法的前提下我该如何搞钱？除了省吃俭用还有其他办法么？多大能力办多大的事,2023-04-20 07:43:33
4892680054379146,https://m.weibo.cn/detail/4892680054379146,福多多剧有福,255.9万,北京,video,室友私生活问题该不该插手,2417,995,877,讨厌的人被骗你会提醒她吗何悯鸿我劝你感谢朱喆和余初晖到现在了还在管你吧要不是朱姐房务部出身为人细心、对细节观察敏锐，何悯鸿怀着孕不自知没准出现什么意外么，要不是余初晖嘴硬心软帮她通知父母，何悯鸿还不知道要被戚牧哄骗到什么程度呢摊手有这样的神仙室友,2023-04-20 19:14:49
4892707548562445,https://m.weibo.cn/detail/4892707548562445,央视新闻,1.31亿,北京,video,脂肪肝继续发展会怎么样,554,155,178,注意脂肪肝导致的肝癌正在增加脂肪肝早期没有明显外在症状，常被大家忽视。数据显示，我国成年人脂肪肝患病率已达至。脂肪肝早期不痛不痒，但若覆盖肝脏的脂肪越来越多，肝脏炎症持续发作，或致脂肪性肝硬化，进而引发癌变。如何干预脂肪肝，避免肝癌发生？看,2023-04-20 21:04:04
4892573712516192,https://m.weibo.cn/detail/4892573712516192,人民日报,1.51亿,北京,video,汉字为什么叫汉字,4144,470,857,？我们的文字为什么叫汉字，不叫秦字、唐字或者宋字呢？汉字不是生来就叫汉字，是在与其他文明的交流互鉴中应运而生。今天是谷雨，也是联合国中文日，汉字是全世界的瑰宝，更是属于每一位中国人的浪漫戳视频，听浙江师范大学，汉语言文字学甲骨文方向研究生李莹同学的解答,2023-04-20 12:12:15
4892604326744810,https://m.weibo.cn/detail/4892604326744810,盖世英雄玉椒龙,29.8万,山东,search_topic,汉字为什么叫汉字,592,99,59,国内已经有人颠倒黑白说是韩国人发明的了，不知道是不是“韩国纠错团”的宣传。吃瓜吃瓜吃瓜吃瓜,2023-04-20 14:13:54
4892604641314926,https://m.weibo.cn/detail/4892604641314926,环球纪录频道,199.9万,浙江,video,汉字为什么叫汉字,40,1,24,的演变过程，每一个都承载着特定的文化信息，具有丰富的文化内涵环球纪录频道的微博视频,2023-04-20 14:15:09
4892606012589685,https://m.weibo.cn/detail/4892606012589685,四川长安网,24.9万,四川,video,汉字为什么叫汉字,42,47,2,？沉浸式领略汉字之美经典春日诗词，你能填出几首？送花花人民日报的微博视频,2023-04-20 14:20:36
4892557228640843,https://m.weibo.cn/detail/4892557228640843,中国长安网,1776.2万,北京,search_topic,汉字为什么叫汉字,144,30,26,有关汉字之美的诗句“道由白云尽，春与青溪长。时有落花至，远随流水香。”今天谷雨也是联合国中文日，安侠们，哪一句古诗曾经惊艳过你？快来评论区留言吧汉字为什么叫汉字,2023-04-20 11:06:45
4892213312490427,https://m.weibo.cn/detail/4892213312490427,日韩傻事,6.8万,云南,search_topic,汉字为什么叫汉字,1833,151,97,韩国纠正团最近经费到账了，无论微博还是小红书，出现了好多大搞“东洋风”的韩字是什么文化输出现象,2023-04-19 12:20:09
4892713008504042,https://m.weibo.cn/detail/4892713008504042,娱乐饭桶,577.9万,广东,video,于文文说今天浅跳了一下还行吗,340,163,120,《声生不息》于文文唱跳都好棒啊，发文说“今天浅跳了一下，还行吗”，这实力真的是太强，舞台是视觉和听觉的双重盛宴啊哇风向标娱乐饭桶的微博视频,2023-04-20 21:25:46
4892606942679250,https://m.weibo.cn/detail/4892606942679250,荣耀方飞,10.4万,北京,video,你的手机扫码丝滑吗,159,22,6,作为日常生活里最常见的用机场景，却依旧存在有很多体验上的痛点问题。过去很多用户会因为在暗光环境、距离较远或者角度问题导致扫码困难，荣耀系列提供了“超级扫码”解决方案，拒绝“扫码尴尬”，让扫码更丝滑你的手机扫码丝滑吗荣耀手机的微博视频,2023-04-20 14:24:18
4892284543570652,https://m.weibo.cn/detail/4892284543570652,吴小杰WJie,667.8万,福建,search_topic,你的手机扫码丝滑吗,430,275,101,大家平时扫码的时候，会留意到自己手机扫码的快慢么？其实不同手机之间还是有差异的。,2023-04-19 17:03:12
4892290047283910,https://m.weibo.cn/detail/4892290047283910,厂长是关同学,55.9万,广西,video,你的手机扫码丝滑吗,79,37,7,大家的手机扫码丝滑吗？你们现在都用的什么手机？扫码体验感觉如何呢？是秒扫如同丝滑瞬间，还是需要等待秒才能搞定？我的荣耀简直就是扫码界的扛把子，丝滑程度大家自己看视频，不管什么角度，不管前置还是后置扫码，都很爽歪歪。数码资讯厂长是关同学的微博视频,2023-04-19 17:25:04
4892268139645368,https://m.weibo.cn/detail/4892268139645368,小白测评,337.2万,湖北,search_topic,你的手机扫码丝滑吗,325,105,12,经常看到有小伙伴说对拍照要求不高，能扫码就行。但其实简单的扫码不同手机体验也有差异，之前我们做过一期苹果、华为、小米、、五大品牌手机扫码视频，扫码速度、扫码方式、覆盖范围等等都有体验，没看过这期视频的小伙伴可以回顾下网页链接问问大家,2023-04-19 15:58:01
4892330299753364,https://m.weibo.cn/detail/4892330299753364,老七,148.8万,上海,search_topic,你的手机扫码丝滑吗,167,42,59,目前扫码体验最好的只有两个选择全系列，全自动缩放自如，小角度扫码非常神奇,2023-04-19 20:05:01
4892277854438216,https://m.weibo.cn/detail/4892277854438216,溪溪大人,65.8万,陕西,search_topic,你的手机扫码丝滑吗,63,33,1,说到这个，我最头疼的扫码机大概是，拉风箱烦死个人，其他手机上真没碰到过，哪怕是百元机都没有,2023-04-19 16:36:36
4892269251135954,https://m.weibo.cn/detail/4892269251135954,数码王小机,109.7万,广东,search_topic,你的手机扫码丝滑吗,304,116,52,现在的智能手机一般扫码都没什么大问题，但是遇到光线不好或强光的时候，确实也出现过扫不出来的情况，之前我就遇到过一次囧事，大家排队买东西，到我付款的时候，也不知道是光线问题还是第三方相机适配问题，导致反复刷了好多遍都不可以，后面的人都很急躁，最后还是用现金付,2023-04-19 16:02:26
4892286650157497,https://m.weibo.cn/detail/4892286650157497,科技小辛,157.3万,广东,search_topic,你的手机扫码丝滑吗,1301,19,1,现在干啥都要扫码，部分手机会因为光线不佳、角度太偏等问题扫不上码，来聊聊你的手机扫码丝滑吗？欢迎来评论区说出手机型号和扫码体验。思考,2023-04-19 17:11:34
4892284414066928,https://m.weibo.cn/detail/4892284414066928,龙叔vlog,194.6万,广东,search_topic,你的手机扫码丝滑吗,23,40,4,不少朋友说自己的手机摄像头只是用来扫码，要再好的也没用。其实扫码也是有快有慢的有些手机在停车场地库，光线不好，二维码不平整的时候，就是识别率较低。经常开车出入地库的朋友，可以聊聊你们的感受我用扫还好,2023-04-19 17:02:40
4892623490518249,https://m.weibo.cn/detail/4892623490518249,娱乐八掌柜,759.9万,山西,search_topic,如何看待狗仔爆料用漫画,250,107,113,王俊凯张小寒画漫画狗仔画漫画爆料，无任何实锤，漫画明目张胆地内涵阴阳怪气费解费解费解你是如何看待狗仔爆料用漫画,2023-04-20 15:30:03
4891520685050349,https://m.weibo.cn/detail/4891520685050349,半月谈,1953.5万,北京,search_topic,你最想看哪一部五一档电影,369,22,16,并不简单《惊天救援》《长空之王》《这么多年》《长沙夜生活》五一档电影扎堆，你最想看哪部？谈谈小投票,2023-04-17 14:27:54
4892178012700706,https://m.weibo.cn/detail/4892178012700706,侠客岛,1010.2万,北京,article,为何巴西总统卢拉如此重视此次访华,107,19,16,？卢拉在接受央视采访时说，“我不想成为领导者，也不追求对任何人的霸权，我唯一想要的就是建立一种新的全球治理模式。”二年级辍学、岁上街卖东西、擦过皮鞋、做过钳工、在事故中失去了左手小指作为一个在极端贫困家庭成长起来的平民传奇，卢拉说自己成,2023-04-19 09:59:52
4892579940009710,https://m.weibo.cn/detail/4892579940009710,三铜钱先生,1.6万,上海,search_topic,为何巴西总统卢拉如此重视此次访华,24,1,8,孩子只是借由你的身体来到人世，完成他的任务，什么样的父母匹配什么样的孩子，孩子就是你的复印件，所以要想孩子好，先修自己。少和孩子生气，打骂孩子就是泯灭孩子的天性，天性没了就会生出怨恨恼怒烦，孩子来到你家无非四种原因：报思的、报仇的、讨债的、还债的，无论哪种，既是恩赐也是劫，要想孩,2023-04-20 12:37:00
4892572650573038,https://m.weibo.cn/detail/4892572650573038,王潇_潇洒姐,309.9万,北京,video,要不要和孩子谈论生命的意义,999,94,78,运动员问问视角的海南之行爱你“壁球真好，让我身体很健康，让我参加比赛，让我看到了更大的世界。”问问真是我永恒的惊喜要不要和孩子谈论生命的意义一书益讲王潇潇洒姐的微博视频,2023-04-20 12:08:02
4892551792037549,https://m.weibo.cn/detail/4892551792037549,晏凌羊,55.7万,广东,search_topic,要不要和孩子谈论生命的意义,156,7,48,大家跟孩子一起看过《活了一百万次的猫》这本绘本不？我带逗号看过。这只猫当过国王的猫、当过马戏团的猫、孤独的老奶奶的猫当过很多“别人的猫”。每一次它死了，主人都哭得很伤心。但是，这样活着，对他来说只是重复了“活了一次”。直到他成为一只野猫，不再是“别人的猫”，而是“完全属于,2023-04-20 10:45:09
4892569294605057,https://m.weibo.cn/detail/4892569294605057,闲看雨落听花语,1.3万,江苏,video,要不要和孩子谈论生命的意义,174,55,10,致自己朋友们热爱生活是需要花时间的要不要和孩子谈论生命的意义所谓生活，一半烟火一半清欢，人是世界上最复杂的生物，因为人有很明显的情绪变化和情感变化，不同的人会有不同的感受和影响，让人猜不透摸不着。人的一生会有柴米油盐酱醋茶，这些是烟火之味，是生活的本真，而清欢是在生活,2023-04-20 11:54:42
4892575662083156,https://m.weibo.cn/detail/4892575662083156,毛丹青,110.1万,日本,search_topic,要不要和孩子谈论生命的意义,86,6,9,跟自己的孩子谈论生命的意义也许是父母的特权，包括人生的挫折与再起在内，随着年龄的增大，跟孩子如数家珍，语气中总是充满了慈爱。我认识一位日本教授今年岁，樱花季时已经退休了。他的单亲母亲岁，一直到今天还在跟他谈论生命的意义。教授跟我说：“作为一个孩子，我都这么大了，其实是不爱听母,2023-04-20 12:20:00
4892546432238757,https://m.weibo.cn/detail/4892546432238757,作家陈岚,153.9万,上海,search_topic,要不要和孩子谈论生命的意义,133,27,9,一书益讲要不要和孩子谈论生命的意义？不管你谈不谈，孩子到了五六岁后，都会开始思考生与死，还有些孩子会更早一些。这是一个非常重要的、甚至可以称为终极的问题。如果开解的合适，孩子能够找到生命的内驱力。可以说，一个人是否一直在愚痴中打转，就是这个问,2023-04-20 10:23:51
4892543336844954,https://m.weibo.cn/detail/4892543336844954,安迪斯晨风,124.5万,河北,search_topic,要不要和孩子谈论生命的意义,106,16,16,一书益讲我和女儿一起看了《活了万次的猫》这部绘本，它讲的是一个表面看起来很简单，实际上却内涵深刻的故事。主角是一只活了一百万次的漂亮虎皮猫，它经历过好多好多的事，但是那些猫生中的轮回，都不是它内心想要的，唯有在遇到了白猫后，它才找到了活着的意义。,2023-04-20 10:11:33
4892540778058075,https://m.weibo.cn/detail/4892540778058075,hi多美,226.1万,湖北,webpage,要不要和孩子谈论生命的意义,42,16,2,微博公益书店好书分享《活了万次的猫》短短字很快能读完，但看了后劲极强的一本书。我陪多美多乐读完后，多乐很快就跑开了，多美沉默了一下，问我：猫为什么再也没有活过来？在他们这个年纪，可能没办法理解里面的含义，但我读后一直沉浸在绘本里面，是一种很复杂的情绪。,2023-04-20 10:01:23
4892649753939033,https://m.weibo.cn/detail/4892649753939033,财经杂志,735.6万,北京,video,你愿意接受延迟退休吗,65,35,25,专家呼吁社会追求灵活退休：把选择权交给劳动者清华教授李稻葵和企业家黄怒波在对谈中，针对延迟退休的问题表达了观点：我们更应该追求社会的灵活退休，把退休选择权交给劳动者，认为自己身体好，认为自己还能够工作，那就可以多干几年。你愿意接受延迟退休吗网易科技频道网易科技频道,2023-04-20 17:14:25
4892706952972686,https://m.weibo.cn/detail/4892706952972686,胖叔占星,90.4万,北京,search_topic,你愿意接受延迟退休吗,44,11,11,看惯了圆滑世故，有时候真就蛮喜欢白羊的直肠子。尔虞我诈、竞争激烈的现代社会，人们都惯于将真实的自己伪装起来，以便让自己免遭暗算毒打和谋取更高的利益，人与人之间的交往充斥着虚伪、谎言和疏离，缺少了一份真诚坦荡。有的人可能表面待你亲切友善，背地里却从没把你当朋友；有的人可能早已对,2023-04-20 21:01:42
4892384506417521,https://m.weibo.cn/detail/4892384506417521,邢立达,620.6万,北京,search_topic,肉体上最疼的一次经历是什么,1378,223,68,可能是多年前，在肃北野外，智齿咬骨头的时候崩了，开始发炎，肿了好大包，非常难受，影响工作。同去的兄弟是医学爱好者，学过急救，认为带的药物和家伙事足够搞定我，建议先切开肿包，不行就拔了，反正带着老虎钳。我居然就同意了悔不当初悔不当初悔不当初悔不当,2023-04-19 23:40:25
4892585425895875,https://m.weibo.cn/detail/4892585425895875,紫霄16,10.9万,上海,topic,肉体上最疼的一次经历是什么,135,109,5,长笑慷慨成素霓，奋威啸咤驭清风。独步天地圣明世，志逸四海是英雄。明知山有虎，偏向虎山行。一次次向极限进发在无路可寻里，找到出路。在没有选择中，作出突破。在绝境中把握生机。在逆流中破釜沉舟。紫霄的专辑紫霄的专辑紫霄的专辑王一博片场意外翻车,2023-04-20 12:58:47
4892284397292846,https://m.weibo.cn/detail/4892284397292846,笙南,1369.2万,河北,search_topic,肉体上最疼的一次经历是什么,651343,20337,12308,？,2023-04-19 17:02:37
4892514005551203,https://m.weibo.cn/detail/4892514005551203,妇产科的陈大夫,238.5万,江苏,search_topic,肉体上最疼的一次经历是什么,285,77,31,？你们是不是想说生孩子的疼？其实我想说，才过去个月，我对分娩阵痛就只剩下抽象的概念了。也就是说，我只记得它很疼，但我已经记不起当时的感受了。我的大脑下调了相关神经元的活动和递质水平，淡化了这部分痛觉记忆。此时如果分娩过程中没有更多的波折帮助我记住这,2023-04-20 08:15:00
4892311497218723,https://m.weibo.cn/detail/4892311497218723,成·美,674,德国,search_topic,肉体上最疼的一次经历是什么,1302,435,25,提名甲沟炎苦涩医生哄我说不疼没必要打麻药，打了麻药还伤脑子，我信以为真，然后没打麻药拔指甲拜拜整个楼道都是我撕心裂肺的嚎叫，而此时的我妈一边笑一边给我录像裂开刻骨铭心了属于是还不止，拔完指甲还没恢复多久，下楼梯的时候让一壮汉给我踩了一脚苦涩,2023-04-19 18:50:18
4892332371741899,https://m.weibo.cn/detail/4892332371741899,虎扑的步行街,704.7万,浙江,webpage,肉体上最疼的一次经历是什么,460,318,129,你肉体上最疼的一次经历是什么？帖子戳：肉体最疼的一次经历是什么？肉体上最疼的一次经历是什么上虎扑搜每日必看,2023-04-19 20:13:15
4892358556254402,https://m.weibo.cn/detail/4892358556254402,小短腿夏酱,46.4万,广东,search_topic,肉体上最疼的一次经历是什么,281,248,9,第一次顺产，而且我是打了无痛的第二次剖腹产虽然恢复没那么快，但是至少不用痛到哭苦涩,2023-04-19 21:57:17
4892361257389469,https://m.weibo.cn/detail/4892361257389469,小兽睡睡,48.5万,山东,search_topic,肉体上最疼的一次经历是什么,201,114,4,我经历的最疼是生孩子，但是我曾经看过身体疼痛排名，生孩子只能排第二，第一疼的是烧伤。精神疼痛排名我当时也印象很深刻，最疼痛的是幼年丧母，中年丧子，老年丧偶。（我忘记从哪看的了，好像是某本书上但具体不记得了，不一定准确）,2023-04-19 22:08:02
4892303732249317,https://m.weibo.cn/detail/4892303732249317,浮生休死_,828,黑龙江,search_topic,肉体上最疼的一次经历是什么,813,237,12,我对比一下，扁桃体摘除除了剪刀咯吱咯吱的声有点恐怖，疼还是能忍的，卵巢囊肿破裂也能忍，剖腹产打缩宫素可以忍，胆结石疼到摘胆也能忍，宫外孕输卵管破裂这个挺疼的被抬走，但是手术台是我自己爬上去的，问题不大。最疼的，可能是重度焦虑抑郁发作，七天七夜没睡,2023-04-19 18:19:27
4892727760126993,https://m.weibo.cn/detail/4892727760126993,咖啡布偶猫,82.3万,辽宁,search_topic,找另一半你最看重什么,69,10,7,直不谈恋爱能等到更好的人吗不要有等的心理，有合适的就谈，没有也不要强求向下兼容，对方如果非常不合适也没必要哑忍，一切顺其自然最好，有缘就水到渠成，没缘分就算了。千万不要抱着孤注一掷的心理，因为长期不谈恋爱理想化异性，对婚姻抱着极大的期待和憧憬，这样大概率接触到真实的异性,2023-04-20 22:24:23
4892301305057870,https://m.weibo.cn/detail/4892301305057870,张允晨,1007.2万,江西,search_topic,找另一半你最看重什么,100640,2037,1226,觉得找对象时你最看重什么？,2023-04-19 18:09:48
4892306701815558,https://m.weibo.cn/detail/4892306701815558,想和你在一起是真的,102万,江西,search_topic,找另一半你最看重什么,507,11,32,能有这种默契的另一半太幸福了找另一半你最看重什么,2023-04-19 18:31:15
4892613267688574,https://m.weibo.cn/detail/4892613267688574,央视新闻,1.31亿,北京,video,乘客开车门造成死伤司机有责任吗,410,127,140,转给更多人如何开车门避免造成死伤车上人员贸然打开车门，经过的行人或车辆来不及反应，就可能造成伤亡。这种“开门杀”事故时有发生交警提醒使用“两段式开车门”法，开车门时要先打开一个小缝，然后扭头往后观察后方情况，确认安全后再推开车门。周知,2023-04-20 14:49:26
4892641379222694,https://m.weibo.cn/detail/4892641379222694,齐鲁晚报,1425.2万,山东,search_topic,年轻人找对象要趁早吗,4200,37,16,后组团报名千佛山相亲大会月日，山东济南，在千佛山相亲大会现场，除了现场偶遇，写有详细信息的嘉宾信息牌成为了“红线”，牵起了前来寻缘的单身嘉宾。记者注意到，信息牌上出现了不少“后“的身影，吸引了现场单身男女的注意。你觉得年轻人找对象要趁早吗？,2023-04-20 16:41:08
4891948043734099,https://m.weibo.cn/detail/4891948043734099,浙江日报,295.6万,浙江,search_topic,摆摊卖烤肠真能月入过万吗,5829,646,115,“投入小一千，月入快过万？”近日，杭州大批年轻人涌入烤肠界。真有那么赚？在杭州摆摊俩月的长沙姑娘陈雪说，一根淀粉肠成本毛，卖元，如果一天卖元，除去材料和人工成本，也就能赚一百多块，忙起来还得找帮手。看到网上说的卖烤肠月入过万，陈雪直呼“太假,2023-04-18 18:46:04
4892158164992761,https://m.weibo.cn/detail/4892158164992761,陌川_MC,30.5万,北京,search_topic,摆摊卖烤肠真能月入过万吗,502,21,55,最近热搜上全都是“摆摊月入过万”这类，实在忍不了。其实这是很简单的小学数学题：毛利润月收入成本。假设一根香肠成本摊位费食材燃气块钱，客单价元根，利润率。那么如果想达到月度毛利润万，需要：万月度流水万，万天（你不可能一个,2023-04-19 08:41:01
4892151764489354,https://m.weibo.cn/detail/4892151764489354,顽皮的郭贝勒,134.6万,北京,search_topic,摆摊卖烤肠真能月入过万吗,130,21,15,你就想吧，要是摆摊能月入过万，谁还被迫打工卖命。为什么宣传，生产烤肠的，想卖设备的，脱你长衫的，不是想捞一笔，就是想榨一下。真有赚钱的买卖，普通人一定是，最后知道的那个。摆摊也好，开店也罢，只能赚合理的利润。除非位置足够好，客流量爆棚，否则别做那个梦。练摊的时代，过去就过去了，,2023-04-19 08:15:35
4892192432456603,https://m.weibo.cn/detail/4892192432456603,云无心45,459万,北京,search_topic,摆摊卖烤肠真能月入过万吗,66,11,5,可能“有人”能做到，那是位置、当地消费水平以及经营能力等多方面因素综合的结果。它不意味着任何人去“卖烤肠”就能实现。这就像：十八线小县城能考上清北吗？大学中途退学能成为富豪吗？个子不高能成为篮球明星吗？颜值有限能成为演艺明星吗？以上这些问题的,2023-04-19 10:57:11
4892210703368603,https://m.weibo.cn/detail/4892210703368603,斯图卡98,554.1万,四川,search_topic,摆摊卖烤肠真能月入过万吗,43,22,3,这月初到高校门外美食街逛，路边就看到有个小伙子“孤零零”的卖烤肠，没人光顾。能过万收入，恐怕也就只能在网上实现了,2023-04-19 12:09:47
4892170492317438,https://m.weibo.cn/detail/4892170492317438,河南消防,199.3万,河南,search_topic,摆摊卖烤肠真能月入过万吗,109,104,81,近日，在社交平台上，冲着“遍地黄金”的地摊贴，一批年轻的“掘金人”涌入烤肠界。在摆地摊赚钱时也不能忽视火灾安全隐患哦，别让辛辛苦苦挣来的钱打水飘啦摆摊卖烤肠真能月入过万吗,2023-04-19 09:30:00
4892169591327538,https://m.weibo.cn/detail/4892169591327538,长安数码君,153.3万,上海,search_topic,摆摊卖烤肠真能月入过万吗,154,27,8,，最近摆摊经济很流行啊，你打算辞职去摆摊吗？,2023-04-19 09:26:25
4892160434374509,https://m.weibo.cn/detail/4892160434374509,未味,21.6万,天津,search_topic,摆摊卖烤肠真能月入过万吗,20,24,2,。选对了位置很重要，既不被城管轰又处于客流带，最关键的是你不能单打独斗，身边一定要形成小吃链，有卖奶茶的、卤煮的、炸鸡架的一个人吃了一家不健康小吃，大概率会连带吃一条街的致癌物才过瘾。,2023-04-19 08:50:02
4892158420845040,https://m.weibo.cn/detail/4892158420845040,董骥,47.1万,云南,search_topic,摆摊卖烤肠真能月入过万吗,45,26,0,这是藏在微博里的商机吗？不是。大家记住一个规律，商机总是藏在新闻事件的问题中，有问题，就会产生需求，自己去挖掘需求，就是商机。但凡已经被新闻说出来的现成的，别人已经在做的事儿，说明已经供过于求，成为社会现象了，你就别去凑热闹了。,2023-04-19 08:42:01
4892574248862211,https://m.weibo.cn/detail/4892574248862211,延长法院,6026,陕西,video,摆摊卖烤肠真能月入过万吗,75,88,4,日常厨房用火不离人中午好，诸位据媒体网友讨论摆摊卖烤肠真能月入过万吗延长法院的微博视频,2023-04-20 12:14:23
4892557320653456,https://m.weibo.cn/detail/4892557320653456,黄石PK,49.1万,四川,search_topic,祝绪丹你是不是有什么难处,1073,42,28,为什么这种油腻法制咖还能一直在演艺圈嚯嚯衰张翰原名张汉，大四期间交通违章后逃逸并且拒绝接受交警检查，开车拖行交警米造成交警粉碎性骨折，被北京市民开车堵截方才停车。进了局子以后，毫无悔改之意，对民警大声呼喝。后来又改名张翰洗白进娱乐圈。互联网永远有记,2023-04-20 11:07:07
4892550155999080,https://m.weibo.cn/detail/4892550155999080,林黛玉智取威虎山,9.8万,陕西,search_topic,祝绪丹你是不是有什么难处,6725,153,12,挣这个片酬，连精神损失费都不够的苦涩咱观众看张翰那张脸几秒钟都不行了，她天天看，看了好几个月裂开想想都可怕,2023-04-20 10:38:39
4892565624854966,https://m.weibo.cn/detail/4892565624854966,野生炸姐,167.2万,山东,search_topic,祝绪丹你是不是有什么难处,801,24,2,我倒要看看究竟是什么难处？？祝绪丹你是有什么把柄在导演手里吗允悲真的是太惨了干脆剧名改成《油光引》算了怒祝绪丹你是不是有什么难处,2023-04-20 11:40:07
4892536890461860,https://m.weibo.cn/detail/4892536890461860,Nuyoah姚姚,14.1万,湖南,search_topic,祝绪丹你是不是有什么难处,3360,91,20,和雯丽那丫头走错片场了笑,2023-04-20 09:45:56
4892306879023644,https://m.weibo.cn/detail/4892306879023644,八酱日常,1109.4万,北京,video,祝绪丹你是不是有什么难处,14003,813,677,张翰、祝绪丹古偶《流光引》宣传视频干饭人八酱日常的微博视频祝绪丹你是不是有什么难处,2023-04-19 18:31:57
4892592854794390,https://m.weibo.cn/detail/4892592854794390,电视剧透社,941.4万,山西,search_topic,祝绪丹你是不是有什么难处,324,100,28,都是神君，同样的姿势，怎么感觉差的不是一星半点哆啦梦害怕,2023-04-20 13:28:18
4892586400286363,https://m.weibo.cn/detail/4892586400286363,萌球肉丸子care,19.1万,山东,video,祝绪丹你是不是有什么难处,157,60,3,张翰原名张汉，直接看视频吧,2023-04-20 13:02:40
4892560704932926,https://m.weibo.cn/detail/4892560704932926,爱追星的小助理,417万,山西,search_topic,祝绪丹你是不是有什么难处,255,56,2,接下来的存货，瓣人都在吐槽合作的三部男主笑和张翰搭档《流光引》和尹正搭档《遮天》和翟潇闻搭档《了不起的曹萱萱》祝绪丹你是不是有什么难处,2023-04-20 11:20:34
4892534343470226,https://m.weibo.cn/detail/4892534343470226,恐龙川川,27.7万,北京,search_topic,祝绪丹你是不是有什么难处,837,2,0,点开视频前我以为又是粉丝有啥不满，点开后：就算是粉丝不满我也很理解了张翰他这是要在油腻这条路上一去不回头啊衰衰,2023-04-20 09:35:49
4892551990215228,https://m.weibo.cn/detail/4892551990215228,董小姐的追剧日记,649.2万,山西,search_topic,祝绪丹你是不是有什么难处,443,262,260,董剧场祝绪丹你是不是有什么难处祝绪丹本本分分的打工人而已，干嘛非要阴阳怪气哦摊手就问你剧里美不美举手举手举手小仙女本本分分演好每一个角色内,2023-04-20 10:45:56
4892731187141059,https://m.weibo.cn/detail/4892731187141059,咖啡布偶猫,82.3万,辽宁,search_topic,为什么你到现在都没有恋爱,44,12,2,我感觉有的人活的特别拧巴，打比方我认识一个人，老公出差去和交往多年的前女友聊天叙旧，还在一起开房，然后最后跟她说什么都没发生，然后说之所以把这些坦诚的告诉你，是因为知道你能包容，我们是灵魂伴侣是任何人比不上的然后女方转述给我们的时候，说她确实能包容，因为是人就有精神需求，他,2023-04-20 22:38:00
4892494002651151,https://m.weibo.cn/detail/4892494002651151,花花姐姐爱发圈,15.7万,广东,search_topic,为什么你到现在都没有恋爱,492,3,144,适合五一出去旅游的文案预谋已久的快乐给老年回忆人生攒素材三朋两友快乐翻倍背包相机目的地到处走走拍拍照哪里都是快乐,2023-04-20 06:55:30
4892315616022135,https://m.weibo.cn/detail/4892315616022135,稽岳,2142,云南,search_topic,为什么你到现在都没有恋爱,1073,139,106,自己一般颜控讨厌快餐式恋爱不喜欢主动不想聊天聊不到一起去圈子小致死纯爱流泪智性恋很理智宅女不爱出门流泪出门不看人熟人面前走过去都看不到泪,2023-04-19 19:06:40
4892262104826131,https://m.weibo.cn/detail/4892262104826131,都市时报,322.9万,云南,video,未成年人适合玩刺激性娱乐活动吗,15208,623,238,？岁女孩玩密室逃脱摔成级伤残一审判决密室逃脱经营公司赔偿余万元月日，据中国法院网消息。岁女孩小兰与同学相约在玩密室逃脱闯关的过程中，被工作人员扮演的恐怖“怪兽”吓得踩空台阶摔倒。小兰将密室逃脱的经营公司某文化传播公司诉至北京市朝阳区,2023-04-19 15:34:01
4892695388489307,https://m.weibo.cn/detail/4892695388489307,love_花开忘忧,1.3万,内蒙古,search_topic,分手后你还会选择复合吗,53,37,0,如果分手了，还能复合，那是真的缘分没结束，不是重蹈覆辙，真的不是，而是缘分太深，宇宙希望给你们大家再试一次如果这个男人女人是你所珍惜的，是你念念不忘的，请好好珍惜，一起去把未解决的问题解决掉，互相理解，一般都能走到最后，因为我看过太多这样的案例了。而大,2023-04-20 20:15:45
4892616699151165,https://m.weibo.cn/detail/4892616699151165,不太正经的大大,25万,河南,video,分手后你还会选择复合吗,130,169,4,这个问题的答案因人而异，取决于每个人的情况。通常来说，分手了并不是一个简单的决定，其中很可能存在着一些复杂的问题，需要花费一些时间来理清和解决。如果双方的分手原因只是因为一些小误会或无法协调的问题，他们可能会想在某个时间点重新尝试一下复合。但是，如果分手,2023-04-20 15:03:03
4892643849143185,https://m.weibo.cn/detail/4892643849143185,追剧小疯子,1.3万,山东,video,分手后你还会选择复合吗,19,30,0,我相信很多人分手之后都想过到底要不要复合，今天我给你们一个标准，如果说你符合我接下来要说的下面任意思想的话，那我还是建议你们去复合。第一点：那首先分手之后你会不会控制不住自己去想他还会下意识的去关注他的生活。第二点：你听的歌，放的歌全是一些伤感的，听起,2023-04-20 16:50:57
4892633472173427,https://m.weibo.cn/detail/4892633472173427,图库宝,2.4万,陕西,video,分手后你还会选择复合吗,150,114,0,要是我的话我不会选择复合的，因为当时分手的时候肯定是因为有不愉快的事情发生，我不想回忆不美好的事情二哈二哈图库宝的微博视频,2023-04-20 16:09:43
4892606956313000,https://m.weibo.cn/detail/4892606956313000,爱唱歌的小7,115.8万,山东,topic,分手后你还会选择复合吗,337,103,137,假装不懂，我也故作轻松，错过就错过，人嘛，总要有点性格。小鱼凌晨电台分手后你还会选择复合吗,2023-04-20 14:24:21
4892542162964479,https://m.weibo.cn/detail/4892542162964479,逍遥珊33,20.9万,江西,video,分手后你还会选择复合吗,155,134,87,千万别再复合了，伤人害己。因为只要是能分得开的，感情都不是好的，你何必再互相折磨一次呢。暖春心动季逍遥珊的微博视频,2023-04-20 10:06:53
4892614334354348,https://m.weibo.cn/detail/4892614334354348,荣荣Aria,32.1万,湖北,video,分手后你还会选择复合吗,62,34,21,不管你们因为什么原因分开了，彼此心里或多或少都会有些感情。分开后发消息不回，打电话不接，纠缠讨好都没用，甚至呢，对方把你所有的联係方式都拉黑删除了，这都是因为当时过激的情绪没有消退。先把这段感情放一放，你该忙什么忙什么，别再围着他转就行。但是很多刚,2023-04-20 14:53:40
4892612333142964,https://m.weibo.cn/detail/4892612333142964,漠北王子,1.8万,广东,video,分手后你还会选择复合吗,67,46,0,想复合，靠的一定不是卑微的纠缠，卑微纠缠得来的感情，在后续相处过程当中，会让你变得患得患失，小心翼翼，生怕自己做错事。所以感情其实是一种可以琢磨的东西。比如这个人一直以来的性格，潜意识，行为往往都是有迹可循的，所以稍微有点经验的人，懂点人性的人就能够推断出他的处事方式。,2023-04-20 14:45:43
4892604132494249,https://m.weibo.cn/detail/4892604132494249,吃菜的悟空,1.3万,四川,video,分手后你还会选择复合吗,45,49,0,恋爱中的分手对于任何人来说都是一种痛苦的经历，尤其是当你不想放手时，更是难以释怀。而面对分手后是否选择和前任复合，每个人都有自己的想法，分手后是否选择和前任复合，是每个人都要面对的问题。在做出决定前，需要认真考虑自己和前任之间的感情、复合的风险以及分手的原,2023-04-20 14:13:08
4892538433965138,https://m.weibo.cn/detail/4892538433965138,甄珠玉耳嬛,1.7万,湖北,search_topic,分手后你还会选择复合吗,128,73,31,一般都有分手的事情，两个人都可能是因为太冲动，不是真的想分手。所以在分手之后，几天之内可能会觉得后悔，这个时候一定会去找对方复合。一般在分手后三个月之内，如果感到后悔去挽回对方是机会很大的。因为超过这个时间，两个人的心里感觉就会淡忘了很多，或者有的人也会重,2023-04-20 09:52:04
4892343096578927,https://m.weibo.cn/detail/4892343096578927,手机上的新浪,3651.1万,北京,search_topic,纸媒时代结束了吗,2028,16,21,近日，郑渊洁告别书引起网友对《童话大王》停刊关注。近几年，诸多报刊停刊，越来越多人将信息获取的渠道转向短视频。信息化的时代下，人们了解信息的渠道也愈发多样化。是谁还在读报刊类读物？你觉得纸媒时代结束了吗？,2023-04-19 20:55:52
4892365280252209,https://m.weibo.cn/detail/4892365280252209,长春门咖,128.8万,吉林,search_topic,纸媒时代结束了吗,24,12,3,吉林省长春市：新文化报、巷报、东亚经贸新闻都黄了吃瓜,2023-04-19 22:24:01
4892545010632150,https://m.weibo.cn/detail/4892545010632150,两色风景嘎,719.1万,福建,search_topic,纸媒时代结束了吗,675,32,5,我现在还每个月给超过家纸媒供稿呢也可能少儿类跟非少儿不是一个数据,2023-04-20 10:18:12
4892533568309766,https://m.weibo.cn/detail/4892533568309766,季若颜,260.3万,江苏,search_topic,为什么当代年轻人不愿社交,3478,571,1643,没有精力去经营朋友圈，也没有特别想维护的关系，越来越喜欢独处，偶尔孤独，一直心安。不用违心迎合，尽情取悦自己。暖春心动季人间四月天,2023-04-20 09:32:44
4892535916594838,https://m.weibo.cn/detail/4892535916594838,叶熙笙,101.7万,江苏,video,为什么当代年轻人不愿社交,195,103,135,好像不知不觉就到了爱独处的年纪比起有人左右情绪的生活，我更喜欢无人间津的日子。一个人最好的状态，就是独处时安静自在，不用周旋于别人的情绪。也不必刻意去猜测他人的心思，自己陪同自己做一个真实的自己。比起廉价的合群，真的不如一个人独处，或许生活偶有孤单,2023-04-20 09:42:04
4892725562313029,https://m.weibo.cn/detail/4892725562313029,咖啡布偶猫,82.3万,辽宁,search_topic,为什么互联网的人岁就老了,55,23,6,我发现很多行业，岁之后的员工行情不好了，那么以后选行业，也可以根据自己第几个大运运气好来选，如果好运气恰恰在岁之后，那可以去干一些越老越吃香的工作，比如医生、老师、会计师等等，也可以去做公务员，说不定人生后半程节节高升，如果人生好运在岁之前，那可以去找一些高薪忙碌的行业挣快,2023-04-20 22:15:39
4892631265706430,https://m.weibo.cn/detail/4892631265706430,一个帅桃,166.9万,北京,search_topic,为什么互联网的人岁就老了,225,52,52,路泽霖哭了《嗨城市猎人》家人们我看到这里真的泪目了苦涩小路问为什么互联网行业的人岁就老了，很多年轻人都看不到自己能碰的机会，客户也会把条件圈得很“死”，导致猎头没有办法推人。李莉娜也表示猎头有魅力的地方就在于此，当自己更有影响力的时候，可以影响,2023-04-20 16:00:56
4892674208041303,https://m.weibo.cn/detail/4892674208041303,铅医蔷薇,112.9万,北京,place,为什么互联网的人岁就老了,283,41,0,有一个同学，就在某大厂工作，还算是个差不多的领导吧。有次喝酒他就说，在他们这些大厂，年纪上了岁左右，很多人确实就要被辞退，然后会招一批大学生，因为新招来的大学生可以加班，工资还低。这些岁左右的人干的那些工作，新来的大学生基本上也可以替代，但是工资,2023-04-20 18:51:35
4892625046345265,https://m.weibo.cn/detail/4892625046345265,极目文娱,143.1万,湖北,video,为什么互联网的人岁就老了,485,115,58,这期《嗨城市猎人》看破防了路泽霖学长小鹿学长小鹿在嗨城市猎人询问，为什么互联网的人岁就老了，很多年轻人都看不到他们自己能碰的机会，然后客户公司又“圈”的很死，导致猎头很多都推不了别的职位失望路泽霖说之前推荐过一个岁的互联网人去其他公司，结果在公司被,2023-04-20 15:36:14
4892676598272696,https://m.weibo.cn/detail/4892676598272696,潇湘晨报,1669.3万,湖南,video,为什么互联网的人岁就老了,33,7,4,演讲：岁之后人的创造力真的会逐渐衰退吗？很多人最近讨论为什么互联网的人岁就老了？如果我们岁时还没有达到人生巅峰，真的应该感到绝望、焦虑或者放弃吗？视频中深度分析了年龄和成功机会之间的真正关系。来源：人人视频的微博视频,2023-04-20 19:01:05
4891980713427862,https://m.weibo.cn/detail/4891980713427862,高鑫,229.6万,浙江,search_topic,年前买房有多难,226,53,8,，难于上青天允悲电视剧龙城,2023-04-18 20:55:53
4891967017716335,https://m.weibo.cn/detail/4891967017716335,新京报文娱,383.4万,北京,video,年前买房有多难,5177,142,132,实在是太难了年前如果买房有多香被《龙城》里陈嫣说“这点工资，可能这辈子都买不起房”的话给精准扎心了陈嫣幻想着能和郑鸿有一套属于自己的房子，可是理想很美好，现实却很骨感，两人攒了好几年的工资也很难凑够一套房啊失望电视剧龙城新京报文娱的微博视频,2023-04-18 20:01:28
4892147398215860,https://m.weibo.cn/detail/4892147398215860,陌川_MC,30.5万,北京,search_topic,年前买房有多难,439,21,13,以我所见，年前买房，真比现在容易一些。首先那会儿的外企，是有概率拿到月入的。而民营虽然工资低，但大部分都不加班，所以你有时间做兼职。年前我做礼仪，一小时元；但年后的今天，一小时还是这个价格，甚至更低了二哈二哈其次，年前市郊（比如通州之类）的,2023-04-19 07:58:14
4891972555506617,https://m.weibo.cn/detail/4891972555506617,福多多剧有福,255.9万,北京,search_topic,年前买房有多难,2564,1022,892,简直不敢想象年前如果买房有多香打工人打工魂，打工人在外不就是想要一个稳定的家来慰藉自己漂泊的心。奈何工资不高，房价却倍增多少人忙活半天，可能只凑够个零头，心疼电视剧龙城,2023-04-18 20:23:28
4892245104264210,https://m.weibo.cn/detail/4892245104264210,顾扯淡,199.2万,上海,search_topic,年前买房有多难,453,130,102,这什么破话题，年前是年，买房比现在容易得多好不好怒,2023-04-19 14:26:28
4892211014009072,https://m.weibo.cn/detail/4892211014009072,荆楚公子,99.6万,湖北,search_topic,年前买房有多难,790,107,2,在金钱利益面前，亲情有时真的很脆弱年初我买房，当时由于首付不够，借了我老表十万元钱，老表当时二话没说就去银行拿给了我，对此我心中还是充满感激的。如今五年时间很快就过去了，经过我们夫妻俩的努力打拼，手中也节余了一些钱，就想着把老表的钱给先还了。于是在今年,2023-04-19 12:11:00
4892136132053988,https://m.weibo.cn/detail/4892136132053988,爱唱歌的王Sir,1.1万,江西,search_topic,年前买房有多难,66,5,0,现在更难了汗汗以我这五线城市为例，十五年前才一千多一平，工资两千左右，十五年后的今天，将近一万一平，工资也就三千左右吃瓜吃瓜,2023-04-19 07:13:28
4892153957844337,https://m.weibo.cn/detail/4892153957844337,李法兰的追剧日常,486.8万,山西,video,年前买房有多难,105,96,96,感觉买房一直很难，之前的《蜗居》，现在的《龙城》。郑西决真的好惨，马上和女友要结婚了，在准备买婚房去收到女友的分手信息。所有的离开都是蓄谋已久。李法兰的追剧日常的微博视频,2023-04-19 08:24:18
4892145544071988,https://m.weibo.cn/detail/4892145544071988,大连成,109.1万,辽宁,video,年前买房有多难,28,18,2,大爷拦停公交车近半小时谁也别想走网友投稿：公交车起步后，大爷非要上车，司机没理他，随后大爷跑到车头拦停公交车。最后的结果就是他成功的坐上了这辆他拦下将近半个小时的公交车，如愿以偿的冲着司机和一车乘客吹胡子瞪眼。黑线怒年前买房有多难大连,2023-04-19 07:50:52
4892621157173954,https://m.weibo.cn/detail/4892621157173954,SOLE_履程,347万,美国,search_topic,奢侈品到底贵在哪儿,55,23,6,履程鞋事实物现身,2023-04-20 15:20:47
4892631278555038,https://m.weibo.cn/detail/4892631278555038,金刚萌,11万,浙江,search_topic,奢侈品到底贵在哪儿,34,48,0,不好意思，就挺不好意思的，不小心穿成了剪短版的裙子猪头如果腿长是武器，那高妹不愿轻易亮出奥特曼来自，日，姆米意大利真丝羊毛夏季裙。时尚穿搭奢侈品到底贵在哪儿,2023-04-20 16:01:00
4892312918823029,https://m.weibo.cn/detail/4892312918823029,Fashion_Mok,42.9万,广东,search_topic,奢侈品到底贵在哪儿,64,11,7,聊聊品牌最珍贵的工艺纵观现在的奢侈品营销，品牌们无一不把重点放在传递工艺价值上，这项品牌最为珍贵的资产不仅能体现产品的独一无二性，更是最能突显其贵的原因所在像、、这些品牌就非常注重工艺，无论是包包还是衣服，都无处不在强调其,2023-04-19 18:55:57
4892303099693686,https://m.weibo.cn/detail/4892303099693686,Fashion_BangZ,413.4万,广东,search_topic,奢侈品到底贵在哪儿,717,4,40,相较高级成衣，每年一度的高级手工坊系列，都有着更精湛、独特的技艺呈现。承袭的广阔视野，创意总监此次着眼非洲大陆，于达喀尔发布高级手工坊系列。今天终于有机会近距离欣赏这一系列的精妙细节：用色更加大胆、鲜活，非常具有达喀尔的地方特色；,2023-04-19 18:16:56
4892307322569603,https://m.weibo.cn/detail/4892307322569603,Neil王静昌,212.2万,北京,search_topic,奢侈品到底贵在哪儿,276,38,54,对于这个话题，可能有很多不同的解读角度，但是我今天特地飞到北京看了场“香奈儿达喀尔”高级手工坊系列的预览，更是能直观感受到奢侈品到底贵在哪了。除了塑造高大上的品牌形象，我们消费者看得见的是设计，摸得着的是做工。设计我们通过秀场视频和图片能个大概，但是真正奢,2023-04-19 18:33:43
4892310830058909,https://m.weibo.cn/detail/4892310830058909,MMoEE,396.3万,北京,search_topic,奢侈品到底贵在哪儿,124,34,18,“香奈儿达喀尔”高级手工坊系列预览看到这些亮片、刺绣、珠子、纹理丰富的斜纹软呢，创意与工艺已经可以想象出工匠们倾注上百小时创作作品时的样子。奢侈品到底贵在哪儿,2023-04-19 18:47:39
4892303217398378,https://m.weibo.cn/detail/4892303217398378,FashionModels,969.1万,北京,search_topic,奢侈品到底贵在哪儿,495,56,74,近距离看香奈儿高级手工坊系列，就能懂得奢侈品到底贵在哪儿这个以非洲达喀尔文化为灵感创作的系列，再度展现了品牌高级手工坊的精湛工艺。,2023-04-19 18:17:24
4892309022315569,https://m.weibo.cn/detail/4892309022315569,Regardez,180.8万,北京,search_topic,奢侈品到底贵在哪儿,93,5,15,今天看了高级手工坊系列的预览。这一季讲的是法国时装工艺与塞内加尔文化之都达喀尔的灵感碰撞，所以你可以看到非洲文化对这个系列的许多影响：挂毯图样和旗帜的色彩在外套上交织，豹纹与双图案碰撞，色彩如黄昏般绚烂的渐变色手袋，木链条、珠串元素贯穿整个系,2023-04-19 18:40:28
4891877487411853,https://m.weibo.cn/detail/4891877487411853,新浪时尚,809.5万,北京,search_topic,奢侈品到底贵在哪儿,794,174,158,有奖互动在零售环境变化和多轮涨价之下，有关奢侈品到底贵在哪儿的问题再次回到大众眼前。你认为哪些因素可以体现奢侈品的价值，奢侈品到底贵在哪儿？欢迎带话题奢侈品到底贵在哪儿一起来聊聊。我们将选出优质博文和优质评论各两人，送出精美礼物，期待你的分享让我们先来抛砖引玉，在,2023-04-18 14:05:42
4892301354074612,https://m.weibo.cn/detail/4892301354074612,带你看展览,208.3万,北京,search_topic,奢侈品到底贵在哪儿,67,7,9,带你看展览日本东京都现代艺术博物馆展览时间至年月日年大都会建筑事务所（）与日本设计师重松昌平合作，该博物馆位于构想的空间内，是由两层楼组成的独立沉浸式环境，共个场馆，个主题展览空间,2023-04-19 18:10:00
4892622353858826,https://m.weibo.cn/detail/4892622353858826,鬽影縫匠,66万,甘肃,search_topic,如何看待娱乐圈艺人大量接活,92,17,0,虽然有些人会看不惯，但艺人接活这个行为本质上也是“讨生活”的一种方式，就像我们虽然有着一份稳定的工作，但总还是想搞个副业多挣点钱让生活更好一些，只不过我们和艺人对于生活标准高低认定不同罢了，所以我认为艺人接活这个事没问题，只要自己身体扛得住、活干的漂,2023-04-20 15:25:31
4892604116504768,https://m.weibo.cn/detail/4892604116504768,宝说闲聊,31.1万,湖北,search_topic,如何看待娱乐圈艺人大量接活,306,23,2,经纪公司是菩萨吗？艺人的流量周期长短谁也没办法保证，只能在流量期的时候大量接活回本，有常识的人都知道水分大，还有人动不动拿说事,2023-04-20 14:13:04
4892607056709179,https://m.weibo.cn/detail/4892607056709179,帽子被偷啦,13.1万,甘肃,search_topic,如何看待娱乐圈艺人大量接活,143,6,1,因为他们干的越多赚的越多，不像普通人干的再多工资不变,2023-04-20 14:24:45
4892602199704430,https://m.weibo.cn/detail/4892602199704430,新浪综艺,1438.4万,北京,search_topic,如何看待娱乐圈艺人大量接活,24352,313,203,在这个流量为王的时代，明星都不满足于在娱乐圈的发展，开始开拓更多领域的可能性。爱奇艺综艺《来活了兄弟》也紧跟热点，主打艺人在线找活的概念对于艺人大量接活的行为，你怎么看？艺起追综,2023-04-20 14:05:26
4892632151753461,https://m.weibo.cn/detail/4892632151753461,轻罗扇z,3.8万,河北,search_topic,如何看待娱乐圈艺人大量接活,41,5,0,咱们不看不大量接活他们别活,2023-04-20 16:04:28
4892612013588542,https://m.weibo.cn/detail/4892612013588542,结草衔嬛,1万,河南,search_topic,如何看待娱乐圈艺人大量接活,56,1,1,谁会跟过不去呢那么多活韭菜嗷嗷待一次成百上千万搁你你不干吗兔子,2023-04-20 14:44:26
4892605659485114,https://m.weibo.cn/detail/4892605659485114,追剧少女韩芳芳,724.6万,山西,video,如何看待娱乐圈艺人大量接活,682,214,542,这是日赚三千的人应该关心的事吗哈哈？都不能说啥活都接了，好多人占着自己的艺人热度，打着比其他品牌更好的宣传度，但产品做的极差而且还卖的巨贵，这就不用举例子了吧，大家娱评八婆娱评八婆的微博视频,2023-04-20 14:19:12
4892628342278677,https://m.weibo.cn/detail/4892628342278677,温如也,6.4万,广东,search_topic,如何看待娱乐圈艺人大量接活,184,12,1,要接就接，把每个活都做好，别摆烂，别捂嘴，别听不得批判，别立人设如何看待娱乐圈艺人大量接活,2023-04-20 15:49:20
4892627848138876,https://m.weibo.cn/detail/4892627848138876,AS醒目发电星球,1.2万,重庆,video,如何看待娱乐圈艺人大量接活,278,93,9,苏醒说：艺人有舞台就好好表演，没活时就好好生活这不在上海车展，作为起亚代言人的苏醒就好好表演，演唱的《小城夏天》好好听苏醒现场版小城夏天醒目发电星球的微博视频,2023-04-20 15:47:22
4892609435406559,https://m.weibo.cn/detail/4892609435406559,剧综妙妙屋,291.8万,河南,search_topic,如何看待娱乐圈艺人大量接活,467,344,369,不喜欢就不买呗，人家戚薇、贾乃亮白天上节目，晚上还得直播带货，全程状态那么好，到底是谁在戏多？换你来你还做不到呢，键盘侠们收手吧，自己在现实生活啥也不是，在这里指挥别人呢,2023-04-20 14:34:12
4892344316860618,https://m.weibo.cn/detail/4892344316860618,人民网,8460.3万,北京,video,如何看懂军人胸前的荣誉墙,160,12,89,一起了解如何看懂军人胸前的荣誉墙收到日前，全军陆续启用佩戴军人勋表。军人勋表共设计大类个项目，综合体现官兵功勋荣誉表彰、服役经历、岗位职务层级、服役年限等内容。突出练兵备战，设置红旗勋章等略章；体现岗位奉献，设置国防纪念章等略章；适应军人职业发展路径，设置主官、机,2023-04-19 21:00:43
4892358765709789,https://m.weibo.cn/detail/4892358765709789,中国战略支援,49.4万,广东,search_topic,如何看懂军人胸前的荣誉墙,68,13,16,勋表全面亮相近日，军委训练管理部相关人员在接受采访时展示了全套略章，军人勋表是由略章排列组成的标识性证章，综合体现官兵功勋荣誉表彰、服役经历、岗位职务层级、服役年限等内容，共设立类个项目。如何看懂军人胸前的荣誉墙（来源：央视军事报道、正午国防军事、永不消逝的电波,2023-04-19 21:58:08
4892495135378069,https://m.weibo.cn/detail/4892495135378069,央视新闻,1.31亿,北京,video,为什么说肺癌是慢性疾病,879,194,319,北大肿瘤医院副院长马少华介绍，我国每年肺癌新发病例超万例。肺癌发展过程要经历个典型阶段，时间可达年甚至年，因此肺癌是一种慢性疾病。外科手术目前是治疗早期肺癌的主要手段，有较好的远期生存率，但最好是早发现、早处理。看医问到底,2023-04-20 07:00:01
4892531144264112,https://m.weibo.cn/detail/4892531144264112,返朴,74.1万,北京,video,为什么说肺癌是慢性疾病,20,1,18,分几期？动画解释了肺癌分期是一个系统，医生用它来描述或分类主要肿瘤的整体大小和扩散。微博公开课为什么说肺癌是慢性疾病医视频的微博视频,2023-04-20 09:23:06
4892525205127847,https://m.weibo.cn/detail/4892525205127847,头条新闻,1.08亿,未知,search_topic,你认真感受今年春天了吗,167,45,54,是一本百科全书，春光明媚，万物复苏大地一片生机勃勃的景象。谷雨的到来意味着，春季即将结束，夏季热情走来。今年春天你满载而归了吗？用温柔浪漫文字，来和热享派一起描述充满力量的春天吧。,2023-04-20 08:59:30
4892521466957645,https://m.weibo.cn/detail/4892521466957645,微天下,3884.8万,未知,video,你认真感受今年春天了吗,91,8,28,民间有谚，“谷雨三朝看牡丹”，人们也称牡丹花为“谷雨花”。而现在洛阳荷包牡丹开出一串小心心。唯有牡丹真国色，花开时节动京城，谷雨时节赏牡丹已绵延千年。色可销魂，大可悦目，态可醉心，这样的牡丹你喜欢吗？中国国家地理的微博视频,2023-04-20 08:44:39
4892525901646024,https://m.weibo.cn/detail/4892525901646024,新浪新闻,9511.8万,未知,video,你认真感受今年春天了吗,49,12,19,大美中国春天里的鄱阳湖春雨落，湖水涨。仲春时节，中国最大淡水湖鄱阳湖告别了冬日的“消瘦”，随着气温升高，雨水增多，处处绿意盎然，跟着镜头到南昌市附近的鄱阳湖南矶湿地国家级自然保护区，看看春天里的鄱阳湖是什么样的吧新华网新华网新华网的微博视频,2023-04-20 09:02:16
4892535489561521,https://m.weibo.cn/detail/4892535489561521,央证公开课,3725.4万,北京,video,你认真感受今年春天了吗,309,63,40,转存个视频看懂谷雨养生今天谷雨，此时节雨多湿气重，也是百花争艳的季节。谷雨养生要注意个要点你认真感受今年春天了吗？祝大家无惧风雨，自强不息。人民日报人民日报人民日报的微博视频,2023-04-20 09:40:22
4892624400155621,https://m.weibo.cn/detail/4892624400155621,江西气象微博,64.8万,江西,video,你认真感受今年春天了吗,37,28,3,谷雨是春天的最后一个节气，下一个节气是立夏一起晒出这个春天你拍的最喜欢的图片，让我们一起记住年的春天。视频拍摄剪辑孙怀珍江西气象微博的微博视频,2023-04-20 15:33:40
4892596722471813,https://m.weibo.cn/detail/4892596722471813,每天离会长音乐近一点,5.9万,湖北,video,你认真感受今年春天了吗,51,4,6,有认真欣赏这最美的人间四月天吗？我说你是人间的四月天，笑响点亮了四面风轻灵在春的光艳中，交舞着变你是四月早天里的云烟，黄昏吹着风的软星子在无意中闪，细雨点洒在花前你是一树一树的花开是燕在梁间呢喃你是爱是暖是希望你是人间四月天,2023-04-20 13:43:41
4892519576372524,https://m.weibo.cn/detail/4892519576372524,新浪军事,3930.2万,未知,video,你认真感受今年春天了吗,49,9,4,消防站里属于春天的氛围感消防站的花儿开了，一抹抹粉红俏丽了枝头，惊艳了时光。嗅一缕花香，抚一处花蕊，蓝朋友带你感受消防站里的春天河南消防河南消防洛阳消防的微博视频,2023-04-20 08:37:08
4892546419136690,https://m.weibo.cn/detail/4892546419136690,一手Video,813.6万,上海,video,你认真感受今年春天了吗,55,1,7,治愈延时摄影记录花开瞬间昙花、木芙蓉、珍珠梅、重瓣百合一起听，花开的声音潇湘晨报潇湘晨报人民日报的微博视频,2023-04-20 10:23:48
4892561682991551,https://m.weibo.cn/detail/4892561682991551,乌鲁木齐校园,48.6万,新疆,video,你认真感受今年春天了吗,189,76,5,新疆月飞雪重返冬天月日，新疆阿勒泰，交警在大雪中守护行人。四月的飞雪，你要我怎么描写春天？你认真感受今年春天了吗浪新疆共青团新疆共青团阿勒泰地区乌鲁木齐校园的微博视频,2023-04-20 11:24:27
4892549577182508,https://m.weibo.cn/detail/4892549577182508,楼兰情感,109万,未知,search_topic,男生身高不到算矮吗,334,221,313,现在很多女生认为男生不到就是矮，到只是满足一部分女生找结婚对象也就是供养者的标准，但是情人待遇大部分都要到，否则你就是矮了。暖春心动季人间四月天,2023-04-20 10:36:21
4892595786876558,https://m.weibo.cn/detail/4892595786876558,人民日报,1.51亿,北京,article,结节一定会发展成癌症吗,624,171,355,？近些年，不少人在体检中被查出“结节”，便担心有癌变风险。什么是结节？结节一定会发展为癌症吗？如何防治结节？良性结节变成恶性的概率极低，结节不可怕，正确预防和治疗是关键。全国肿瘤防治宣传周，听各科专家们的解答体检查出的“结节”，一定会发展为癌症吗？,2023-04-20 13:39:58
4892606587209149,https://m.weibo.cn/detail/4892606587209149,奔现,960.8万,湖南,video,失业找不到工作可以睡哪,1000,360,2624,给你们分享点有用的知识奔现的微博视频,2023-04-20 14:22:53
4892532641105983,https://m.weibo.cn/detail/4892532641105983,N视频,811.4万,广东,video,为什么年轻人钟爱搭子式社交,91,9,12,“搭子”式社交，广州市民：可三观不同，能吃就行近日，“搭子是一种新型社交关系”的话题引发网友讨论。不少年轻人都有自己的“饭搭子”、“游戏搭子”、“健身搭子”等“搭子”社交关系。南都、视频记者走访了解到，不少年轻人认为“搭子”与朋友存在区,2023-04-20 09:29:03
4892374867903249,https://m.weibo.cn/detail/4892374867903249,咖啡布偶猫,82.3万,辽宁,search_topic,一个人老了的标志是什么,378,63,44,我看网上两个人争论，一个人说官杀人的脾气比较大，一个人说食伤人的脾气比较大，两个人吵起来了。我认为官杀人的脾气大，大在反对多数人上面，也就是说敢于反对比劫，运气不好的话容易被孤立（被比劫觉得有心机），女的还有可能被造黄谣，运气好，用神有力，贵人提携就可能因为自律当上领导，去管理,2023-04-19 23:02:06
4892549741281741,https://m.weibo.cn/detail/4892549741281741,三铜钱先生,1.6万,上海,search_topic,一个人老了的标志是什么,38,1,14,有一种女人看似平谈无奇，不贪钱，也不物质，看上去还傻傻的，但是她的磁场强大到惊人，上天都在暗中保护她，没有任何一个人惹得起，如果有谁欺负她，时间不长就会遭到报应，而且厉害到吓人，这样的女人，身上有四样东西，扬在脸上的自信，长在心底的善良，融进血里的骨气，刻进命里的坚强盗取天机,2023-04-20 10:37:00
4892163026716982,https://m.weibo.cn/detail/4892163026716982,致爱情,1211.6万,浙江,search_topic,一个人老了的标志是什么,8065,3084,3125,，可能一个人开始认识到自己老了，就是慢慢发现自己越来越像父母了。,2023-04-19 09:00:20
4892166751257842,https://m.weibo.cn/detail/4892166751257842,大妈江湖,75.6万,内蒙古,search_topic,一个人老了的标志是什么,129,103,109,年轻人变老也应该更多关注身边的人，关心家人、朋友、爱人等等，用行动和爱心去关注和帮助他们。年轻人变老也意味着需要更多地去关注和处理自己的情感问题，建立健康的人际关系和恋爱关系。年轻人变老是一个自我成就的过程，需要更多地认识自己，提高自己的素质和能力，创造更,2023-04-19 09:15:08
4892166189486932,https://m.weibo.cn/detail/4892166189486932,剧透叔,52.8万,内蒙古,search_topic,一个人老了的标志是什么,116,105,105,头发：没有头发，或者秃头，头发稀少，确实显老，一般来看最少比实际年龄大个七、八岁，当然这有遗传基因上的原因，上辈父母头发不多，子女遗传可以说以上头发不多，或者白头发比黑头发多也显老。这样说吧，头发上不显老的次序应该是，有黑头发一一黑头发比白头发多一一,2023-04-19 09:12:54
4892218412237203,https://m.weibo.cn/detail/4892218412237203,德云社樊霄堂,85.5万,北京,video,你羡慕爸妈的爱情吗,778,38,12,抖包袱大会大家现在的交友、育儿和恋爱等观念是不是都跟上一辈的人不太一样思考不过都说“过去车马邮件都很慢，一生只够爱一个人”嘛，大家会羡慕这样的感情吗举手抖包袱大会的优酷视频,2023-04-19 12:40:24
4892361647985576,https://m.weibo.cn/detail/4892361647985576,陌川_MC,30.5万,北京,search_topic,不生孩子还用努力工作吗,520,40,36,我认识的至少三个姐们儿，都是认为如果不生孩子，就会丧失努力的动力以及意义，于是为了有点目标，就跑去生孩子。其中一个生不出来，还去打促排卵针、捣鼓试管，折腾了一年多，总算生了。二哈然后她们对我的状态也很奇怪，问：“你不要孩子怎么还这么多动力？哪儿来的鸡,2023-04-19 22:09:35
4892276201098638,https://m.weibo.cn/detail/4892276201098638,推图鹅,987.7万,河北,search_topic,不生孩子还用努力工作吗,4692,618,1640,没有生孩子的意愿，上班是不是就不用那么拼了？人间四月天,2023-04-19 16:30:03
4892299639919721,https://m.weibo.cn/detail/4892299639919721,人间烟火气bot,589.7万,河北,search_topic,不生孩子还用努力工作吗,148,18,16,,2023-04-19 18:03:11
4892310376286494,https://m.weibo.cn/detail/4892310376286494,牙界骑士,1.6万,广东,video,不生孩子还用努力工作吗,49,14,30,了，空绝后了二哈二哈二哈视频里的低速磨头，老程找到了国产平替，厂家要量。有一起的吗？量大了，不是梦笑而不语笑而不语笑而不语牙界骑士的微博视频,2023-04-19 18:45:51
4892312621024497,https://m.weibo.cn/detail/4892312621024497,Plus-雨文解孟,1.9万,浙江,search_topic,不生孩子还用努力工作吗,127,10,0,人工作为什么是为了孩子不是为了自己黑线黑线黑线现在的热搜话题都很有毛病,2023-04-19 18:54:46
4892301866569605,https://m.weibo.cn/detail/4892301866569605,啵叽koko,414万,湖南,video,长得漂亮就一定会被喜欢吗,2293,369,1657,爱自己才是终身浪漫的开始抱抱啵叽的微博视频,2023-04-19 18:12:02
4892318957568946,https://m.weibo.cn/detail/4892318957568946,roseeeeeee-,46.6万,湖南,search_topic,长得漂亮就一定会被喜欢吗,7890,51,17,,2023-04-19 19:19:57
4892379687160226,https://m.weibo.cn/detail/4892379687160226,中医营养师王磊,60.5万,陕西,place,后都有哪些焦虑,56,5,38,舌头有裂纹，你虚的不止一点肺阴不足：裂纹容易出现在前或者说舌前的位置，干咳无痰，口干、嗓子痒，气道中间痒、干，喝水不解渴，皮肤干燥、容易起皮，或者经常感觉鼻子干胃阴不足：裂纹容易出现在前或者说舌前的位置，舌是光红的，少苔，知道饿，但不想吃心阴不足：裂纹容易,2023-04-19 23:21:16
4892554187243614,https://m.weibo.cn/detail/4892554187243614,星河Shinho,36.3万,江苏,search_topic,扬州炒饭的灵魂到底是什么,75,61,1,就是必须土生土长的扬州人亲手做（。送花花给大家展示一下我这个纯正扬州人亲手制作的扬州炒饭开学季。,2023-04-20 10:54:39
4892363909237705,https://m.weibo.cn/detail/4892363909237705,上海成雨,13.7万,上海,search_topic,扬州炒饭的灵魂到底是什么,79,7,1,各地都在做，但总觉得不正宗，究其原因应该是配料不全，把好好一个非遗项目搞得面目全非。,2023-04-19 22:18:34
4892379687160226,https://m.weibo.cn/detail/4892379687160226,中医营养师王磊,60.5万,陕西,place,扬州炒饭的灵魂到底是什么,56,5,38,舌头有裂纹，你虚的不止一点肺阴不足：裂纹容易出现在前或者说舌前的位置，干咳无痰，口干、嗓子痒，气道中间痒、干，喝水不解渴，皮肤干燥、容易起皮，或者经常感觉鼻子干胃阴不足：裂纹容易出现在前或者说舌前的位置，舌是光红的，少苔，知道饿，但不想吃心阴不足：裂纹容易,2023-04-19 23:21:16
4892283855969261,https://m.weibo.cn/detail/4892283855969261,中国有好菜,6302,河南,search_topic,扬州炒饭的灵魂到底是什么,177,112,54,去扬州，一定要尝尝正宗的扬州炒饭馋嘴十几种配料的加持，营养丰富，老少皆宜火腿，葱花，鸡蛋，豌豆，胡萝卜，还有隔一顿的米饭你最爱吃扬州炒饭里的什么配菜呢？河南卫视中国有好菜,2023-04-19 17:00:28
4892280281897433,https://m.weibo.cn/detail/4892280281897433,河南卫视,280.3万,河南,video,扬州炒饭的灵魂到底是什么,59,57,18,百花齐放，春意盎然。扬州美食怎么能少得了扬州炒饭火腿、海参、瑶柱、虾仁、青豆十几种食材衬托一碗米饭，一份炒饭这么多配料，不香都难河南卫视中国有好菜中国有好菜中国有好菜网页链接河南卫视的微博视频,2023-04-19 16:46:16
4892298259991879,https://m.weibo.cn/detail/4892298259991879,都市快报,1120.9万,浙江,article,长峰医院是如何搭建三甲医院朋友圈的,811,84,49,被困者为何只能爬窗逃生长峰医院是如何搭建三甲医院朋友圈的为何北京长峰医院火灾火势这么猛，被困人员只能爬窗逃生？相关专业人士告诉橙柿互动，“涉事医院短时间内这么大面积冒烟或起火，只可能是火势连通状态下才会发生，因为每个房间都有隔墙，那么最大可能就是公共走道地面涂料,2023-04-19 17:57:42
4892534783869056,https://m.weibo.cn/detail/4892534783869056,中国经济周刊,128.4万,北京,article,长峰医院是如何搭建三甲医院朋友圈的,501,61,121,年半广告宣传费达亿长峰医院还有多少隐患？截至月日时，北京长峰医院火灾事故已致人遇难。《中国经济周刊》记者梳理相关信息时发现，北京长峰医院和其最终受益人汪文杰背后的“长峰”系，多次被监管部门处罚。据裁判文书网披露，年月日，北京长峰医院为牛某行右小,2023-04-20 09:37:33
4892341607074950,https://m.weibo.cn/detail/4892341607074950,界面新闻,1114.4万,北京,webpage,长峰医院是如何搭建三甲医院朋友圈的,2133,308,421,北京长峰医院火灾事故已致人死亡和众多医疗集团一样，长峰医院的扩展主要也是走的并购收购模式。在长峰医院成立短短年间，其通过新建、兼并收购、托管等方式在北京、上海、郑州、济南等地建立了北京丰台长峰医院、上海曹安医院、郑州长峰医院、济南民生,2023-04-19 20:49:57
4892496188670737,https://m.weibo.cn/detail/4892496188670737,老徐时评,470万,山东,search_topic,长峰医院是如何搭建三甲医院朋友圈的,205,27,40,一个湖北鄂州的大专生，摇身一变成了治疗血管瘤的专家；一个之前因为虚假广告消防不合格等劣迹斑斑的连锁企业，竟然在新三板上市了。通过收购并购实现快速扩张，通过“医托”及社交媒体进行患者导流最后这一切，因为一场大火被打回了原形。光计划,2023-04-20 07:04:12
4892505197511946,https://m.weibo.cn/detail/4892505197511946,方脑壳邓铂鋆,80.5万,山东,search_topic,长峰医院是如何搭建三甲医院朋友圈的,106,35,4,专家人才在大型公立医院过度集中。为什么专家每星期只出一个门诊，只做一天手术？因为其他时候诊室和手术室要给其他同事用。一些不怎么查房的专家，其他几天干什么？不打破人才垄断，供需双方就会自己想办法绕开。,2023-04-20 07:40:00
4892492841878699,https://m.weibo.cn/detail/4892492841878699,张胜军,60.5万,甘肃,video,长峰医院是如何搭建三甲医院朋友圈的,51,15,47,虽然这次出事是因为火灾致人死亡，不是医疗事故，但是，长峰医院和它背后的“莆田系”应该引起大家重视，典型的傍大款做虚假宣传，误导患者雍容大度我心飞扬张胜军的微博视频,2023-04-20 06:50:54
4892397869205360,https://m.weibo.cn/detail/4892397869205360,米格战斗飞机联合体,175.9万,黑龙江,search_topic,长峰医院是如何搭建三甲医院朋友圈的,190,31,8,感觉是一家莆田系的医院,2023-04-20 00:33:31
4892375519068756,https://m.weibo.cn/detail/4892375519068756,刘继兴,177.4万,山西,search_topic,长峰医院是如何搭建三甲医院朋友圈的,81,5,5,太可怕了，这种操作。,2023-04-19 23:04:42
4892615624886446,https://m.weibo.cn/detail/4892615624886446,半面妆7050,3.7万,湖南,video,你会因为工作影响心情吗,181,117,30,是生活中很重要的一部分，如果压力过大或者不充实，就很难保持良好的工作态度，也会影响情绪和健康。好的领导会给员工正面沟通，提供支持和鼓励。如果领导管理不善，有不公正待遇、不合理的工作要求领导说你干不下去可以走时就会对员工的心态产生负面影响。如果工,2023-04-20 14:58:48
4892581831377758,https://m.weibo.cn/detail/4892581831377758,何以堪V,6.2万,贵州,video,你会因为工作影响心情吗,328,27,511,而已，不要太上头。同事只是工作的伙伴，能处就处，不能处就不处，面子上过得去即可。领导也是打工的，我们没欠他什么，没必要唯唯诺诺，尊重即可工作上的事再多，也不要忘了自己还有生活，灵活处理。做好时间管理不要抱怨，那点工资，不值得左右自己的情绪,2023-04-20 12:44:31
4892616107495816,https://m.weibo.cn/detail/4892616107495816,萌物bot,1.3万,广西,video,你会因为工作影响心情吗,77,44,20,下雨谷雨是春天最后一个节气馋嘴分享一组治愈的春日饭团干饭人千万不要被工作影响食欲你会因为工作影响心情吗萌之物萌物召唤美好生活美食谷雨吃花食,2023-04-20 15:00:43
4892171612193556,https://m.weibo.cn/detail/4892171612193556,西部决策,368万,陕西,search_topic,你有过应聘时因身高被拒的经历吗,2070,56,13,？日前，女孩应聘商务专员因身高被拒一事冲上热搜，引发网友热议。那么，你在找工作应聘时，有遇到过因为身高问题被拒绝的情况吗？,2023-04-19 09:34:27
4892323128019767,https://m.weibo.cn/detail/4892323128019767,财经网,4032.3万,北京,video,你有过应聘时因身高被拒的经历吗,27,8,2,女孩应聘商务专员因身高被拒当事人：有身高要求应在职位详情写清楚你有过应聘时因身高被拒的经历吗月日，广东广州。身高的女孩小李在应聘商务专员时，因个子太高被拒绝。小李称，该岗位有形象、气质方面的要求，告诉自己是一名身高的女生后，就以“太高了”为理由拒,2023-04-19 19:36:31
4892338982224823,https://m.weibo.cn/detail/4892338982224823,蜘蛛猴面包,457.4万,澳大利亚,video,你会吃玻尿酸食品吗,66,5,15,南澳有几个很大的盐湖，下过雨后也能媲美玻利维亚乌尤尼。你会吃玻尿酸食品吗蜘蛛猴面包的微博视频,2023-04-19 20:39:31
4892319352881579,https://m.weibo.cn/detail/4892319352881579,晴天好好,1.9万,辽宁,video,距离会是爱情的绊脚石吗,21,23,0,从来都不是爱情的绊脚石。也不是你们分开的理由，而是你们不爱了又或者是你们都没了坚持下去的勇气。车票要钱，礼物要钱，不管什么都需要钱。而钱要用时间和精力来换。所以你觉得什么是爱情的绊脚石？是穷。我想这才是现实吧。暖春心动季晴天好好的微博视频,2023-04-19 19:21:30
4892184740369228,https://m.weibo.cn/detail/4892184740369228,人民日报,1.51亿,北京,video,成都大运会熊猫图标动起来什么样,1446,613,464,可可爱爱成都大运会熊猫图标动起来什么样击剑、打篮球、摔跤、体操动起来的熊猫图标仿佛武林高手。网友：全都是花花的分身吧天后，成都见成都世界大运会的微博视频,2023-04-19 10:26:37
4892284224539158,https://m.weibo.cn/detail/4892284224539158,漫鲸视频,609.9万,福建,video,离职前还会认真工作吗,2285,353,871,正的体面俗话说分手见人品，越是来离职前的紧要关头，越要沉得住气。首先认真对待手头上的工作，不要把工作丢给别人，其次千万不要大肆宣扬，低调的把所有事情处理好，还要跟每一个相关的人做好工作交接，这样才能够把负面情绪降到最低。离职前还会认真工作吗漫鲸视频的微博视频,2023-04-19 17:01:56
4892252936078765,https://m.weibo.cn/detail/4892252936078765,课代表提问,485.7万,福建,search_topic,离职前还会认真工作吗,5270,728,896,正的体面离职前夕，你的工作态度是课代表提问,2023-04-19 14:57:36
4892280127489928,https://m.weibo.cn/detail/4892280127489928,新浪山东头条,180万,山东,search_topic,离职前还会认真工作吗,366,27,249,记得删除的文件（图源：网络）,2023-04-19 16:45:39
4892282694929994,https://m.weibo.cn/detail/4892282694929994,姚凌宇,216.6万,上海,search_topic,离职前还会认真工作吗,386,17,10,当一天和尚撞一天钟。在正式离职前，需要把工作方面未结事项尽量完结，把各类文件规范处理，最好留下相关工作流程说明以便下一个人继续完成工作。其次，虽然已经提出离职，但最好还是要有自己的职业操守，站好最后一班岗，做好交接工作。不然就算离职了，可能还会重新处理,2023-04-19 16:55:51
4892295213614058,https://m.weibo.cn/detail/4892295213614058,攀枝花平安西区,3.8万,四川,video,离职前还会认真工作吗,55,46,17,递交辞呈又反悔了，公司有权要求离职吗？来听听检察官怎么说重庆巴南检察院网友讨论离职前还会认真工作吗，无论怎样，离职须理性，相关法律知识多了解开学季法治成都法治成都锦绣青羊锦绣青羊攀枝花平安西区的微博视频,2023-04-19 17:45:36
4892292752868547,https://m.weibo.cn/detail/4892292752868547,中国反邪教,416.9万,山西,search_topic,离职前还会认真工作吗,16,3,56,决定辞职了，也可以“优雅”离开首先告知上司，最好能当面沟通；做好工作交接，站好最后一班岗；单独向帮助过你的领导和同事致谢，而不是群发告别邮件；做完所有交接，拿到离职证明后，主动退出所有工作群组；整理公司电脑及工位，保证电脑没有留下任何你的私人信息。,2023-04-19 17:35:49
4892355927217875,https://m.weibo.cn/detail/4892355927217875,李继锋,37.6万,北京,video,离职前还会认真工作吗,14,9,11,一把大锁微博纪录片联盟害怕生孩子是心理障碍吗离职前还会认真工作吗的微博视频,2023-04-19 21:46:51
4891873024150287,https://m.weibo.cn/detail/4891873024150287,电商报,425.1万,广东,search_topic,离职前还会认真工作吗,682,102,59,后你一般怎么退出工作群离职当天被安排工作，后硬核退群。网友：魔法打败魔法。离职前还会认真工作吗,2023-04-18 13:47:58
4892284120207040,https://m.weibo.cn/detail/4892284120207040,黑白小杜卡,6.3万,黑龙江,search_topic,离职前还会认真工作吗,57,10,1,肯定要妥善交接好啊，圈子很小的，山不转水转，凡事给自己留有余地。,2023-04-19 17:01:31
4892286603760641,https://m.weibo.cn/detail/4892286603760641,齐鲁晚报,1425.2万,山东,video,离职前还会认真工作吗,82,13,6,网友偶遇进淄赶烤的羊围观月日，山东淄博。有网友在淄博烧烤城门口，偶遇一车羊正在有序进入淄博烤场其他网友看后调侃：轻点按喇叭，别吓到我的串儿笑离职前还会认真工作吗齐鲁晚报的微博视频,2023-04-19 17:11:23
4892591226886355,https://m.weibo.cn/detail/4892591226886355,当年秦淮月,120.1万,辽宁,search_topic,如何选择自己想看的书,74,2,59,不想读书的时候就看这些纪录片如何选择自己想看的书,2023-04-20 13:21:51
4892573523251391,https://m.weibo.cn/detail/4892573523251391,中国青年报,2020.2万,北京,search_topic,如何选择自己想看的书,546,14,40,投票：如何选择自己想看的书书海浩瀚，你是怎么决定自己将要看哪本书的呢？快来参与投票，告诉我们你的选书小窍门吧分享一本喜欢的书,2023-04-20 12:11:30
4892304945448874,https://m.weibo.cn/detail/4892304945448874,福多多剧有福,255.9万,北京,video,婆媳矛盾真的不可调和吗,2336,980,872,一人一句婆媳关系小建议婆媳矛盾本质上还是要看男人怎么处理，虽然戴维看似很坦诚地告诉叶蓁蓁一切自己家庭的负面问题，但未尝不是一种压力转移呢？叶蓁蓁工作已经够忙了，还要帮你分析你家的破事儿？自己的妈妈自己不忍心拒绝就让叶蓁蓁左右为难吗？要我说还是分了好，男,2023-04-19 18:24:16
4892305931375491,https://m.weibo.cn/detail/4892305931375491,季风号苏打,183.8万,福建,video,婆媳矛盾真的不可调和吗,1353,439,751,一人一句婆媳关系小建议婆媳矛盾如果能调和的话当然要调和啦但是首先，叶蓁蓁和戴维不见得结婚，两人原本就打算“互撩”不负责的，叶蓁蓁和戴维妈妈并不算真正意义上的婆媳；其次，叶蓁蓁没有做错任何事，反而是戴维妈妈在胡搅蛮缠，这种不能称之为矛盾，应该,2023-04-19 18:28:11
4892319569941572,https://m.weibo.cn/detail/4892319569941572,咛樱的夏,1.2万,河南,video,婆媳矛盾真的不可调和吗,27,36,1,关系的相处实际就是人与人之间相处，只要秉承为对方着想，为对方付出，多换位思考，理解和包容对方，都会处理好各自的关系。发生矛盾多在自己身上找原因，要换位思考，不要一味的责怪对方，具体这样的态度和想法，相信再大的矛盾也都会迎刃而解了吧暖春心动季婆媳矛盾真的不可调和吗,2023-04-19 19:22:23
4892302872418750,https://m.weibo.cn/detail/4892302872418750,新京报文娱,383.4万,北京,video,婆媳矛盾真的不可调和吗,187,101,114,一人一句婆媳关系小建议婆媳矛盾是可以调和，但恶犬和肉包子的矛盾不可调和《欢乐颂》叶蓁蓁和戴维妈妈看起来是婆媳矛盾，但实际上是一个人企图利用另一个人为自己谋取利益，而恰巧这个人是自己儿子女朋友，送上门的更好下手而已啊真的太生气戴维妈妈这个角色了，层出,2023-04-19 18:16:02
4892308367217219,https://m.weibo.cn/detail/4892308367217219,影视圈达人,769.2万,山东,search_topic,婆媳矛盾真的不可调和吗,174,46,51,一人一句婆媳关系小建议隔着屏幕都被戴维妈妈的控制欲弄窒息了，幸福小孩叶蓁蓁哪见过这种阵仗允悲感觉婆媳问题可比做实验都难多了吧幸亏还有戴维从中斡旋，说实话戴维居然坚定地站在蓁蓁这边，还让蓁蓁把自己爸爸一起拉黑了我还挺震惊的，感觉国产剧男主,2023-04-19 18:37:52
4892309168853054,https://m.weibo.cn/detail/4892309168853054,快乐追星十级学渣,122.9万,内蒙古,video,婆媳矛盾真的不可调和吗,446,564,560,一人一句婆媳关系小建议虽然戴维妈妈挺奇葩的，但是感觉叶蓁蓁有些做法也有点太过“直球”了，比如在十几个人的酒局上过门而不入，可以想象戴维妈妈怎么尴尬应对剩下的局面，再比如直接拉黑了戴维妈妈，虽然是很爽的剧情，但也多少有点失礼笑感觉不像叶蓁蓁平时的处事,2023-04-19 18:41:03
4892261488266395,https://m.weibo.cn/detail/4892261488266395,晨报文艺,226.2万,上海,search_topic,为什么学生时代都有拔河,157,101,53,想必大多数人的校园时代都参加过拔河比赛吧。但日常常见的校园拔河运动，多属于凝结团体的玩乐运动，而专业拔河则需要极其正规的训练。电视剧《不就是拔河么》从专业角度记录了一群男大学生在拔河领域的奋斗史，看的我都热血沸腾了怎样看待拔河所表现出的体育精神,2023-04-19 15:31:35
4892523342072104,https://m.weibo.cn/detail/4892523342072104,观察者网,1898.2万,上海,search_topic,给老百姓发消费券提升经济你支持吗,3779,265,19,亿消费券，你支持吗？专家建议发亿消费券刺激经济针对当前有关中国经济通缩话题的讨论，清华大学教授李稻葵提出一项建议，即向全国发放亿消费券，以刺激经济，提高百姓消费水平。李稻葵认为，有关通缩的话题可能走偏了，问题是本质是,2023-04-20 08:52:06
4892172103712904,https://m.weibo.cn/detail/4892172103712904,别人家的恋爱,406.5万,福建,video,这样的幸福是真实存在的吗,2670,309,796,什么生活啊真的幸福爆了泪泪暖春心动季人间四月天的微博视频,2023-04-19 09:36:23
4892196682074195,https://m.weibo.cn/detail/4892196682074195,召召与木木的24年,33.4万,北京,search_topic,这样的幸福是真实存在的吗,202,64,1,欢快得象只小兔子。我终于明白大家为什么说我是召召黑粉了。,2023-04-19 11:14:04
4892160468716703,https://m.weibo.cn/detail/4892160468716703,中国新闻网,7798.4万,北京,search_topic,你最想要哪种搭子,11690,143,25,数据显示，超一半的年轻人有搭子。来聊聊，你最想要哪种搭子？思考,2023-04-19 08:50:10
4892343733322593,https://m.weibo.cn/detail/4892343733322593,寡言Desert,4.7万,福建,search_topic,你是怎样看待远嫁的,45,2,7,男人让女方远嫁来自己的家乡，或者让女方放弃工作来自己的城市，本质上就说明父母和自己是优于女方的，女方是放在父母和自己之后的，这女方不吃亏受委屈，谁吃亏受委屈呢？远嫁或者去男方城市工作，都是千里送人头。也是恋爱脑吃大亏的第一步。,2023-04-19 20:58:23
4891935946836784,https://m.weibo.cn/detail/4891935946836784,财经网,4032.3万,北京,search_topic,为什么年轻人干啥都喜欢找搭子,51,15,22,调研报告：超成年轻人有饭搭子为什么年轻人干啥都喜欢找搭子搭子作为一种新型的社交关系，主打垂直领域细分陪伴，一起吃饭、一起运动、一起摸鱼。财经财经发布的《搭子社交小报告》调研结果显示，超一半年轻人有搭子，其中的搭子是胡吃海喝类，比起人格魅力，这届年轻人更注重搭,2023-04-18 17:58:00
4892539889652009,https://m.weibo.cn/detail/4892539889652009,娱理,682.6万,北京,search_topic,你的年度网剧是哪部,3615,48,28,北京春推会年度网络剧提到了《猎罪图鉴》《罚罪》《重生之门》《显微镜下的大明之丝绢案》《苍兰诀》《开端》《唐朝诡事录》《卿卿日常》哪一部是你的最爱？你的年度网剧是哪部,2023-04-20 09:57:51
4891944074871958,https://m.weibo.cn/detail/4891944074871958,头条新闻,1.08亿,北京,search_topic,你每天刷短视频的时间有多长,21371,103,50,中国青年报社社会调查中心对名受访者进行的一项调查显示，的受访者表示每天花在刷短视频上的时间在小时以上，的受访者表示在假期刷短视频会比平时多。近成网友感到假期刷短视频比平时多,2023-04-18 18:30:18
4892266721970433,https://m.weibo.cn/detail/4892266721970433,闲看雨落听花语,1.3万,江苏,video,到底怎样才能释怀一段关系,215,64,16,致自己朋友们到底怎样才能释怀一段关系真正结束一段关系是怎样的不知从何时开始，在什么东西上面都印有个保质期，秋刀鱼会过期，肉罐头会过期，连保鲜纸都会过期，令人感慨的是，感情也会过期，友情如此，爱情也如此。说到一段关系最好的结束方式，也许不是好聚好散，而是顺其自然，不管是,2023-04-19 15:52:23
4892265481244912,https://m.weibo.cn/detail/4892265481244912,咖啡布偶猫,82.3万,辽宁,search_topic,到底怎样才能释怀一段关系,301,21,51,如果流年大运不好，自己遇到不好的人，被坑被骗，有所损失，或者犯了小人，被冤枉、侮辱了，等运气转好，努力有所回报，跳出来了原先的圈层，去更好的平台发展自己，遇到了良缘，自然就会释怀原来的关系，甚至不再想要去自证。久久不能释怀的，有一种可能，就是自己运气,2023-04-19 15:47:27
4892171713122029,https://m.weibo.cn/detail/4892171713122029,季若颜,260.3万,江苏,search_topic,到底怎样才能释怀一段关系,3484,581,1620,有时候也不见得有多喜欢，也谈不上有多深情，只是突然面对失去后的不舍得和不甘心，让人会反复陷入患得患失，耿耿于怀的情绪中。人间四月天暖春心动季,2023-04-19 09:34:51
4892186104040710,https://m.weibo.cn/detail/4892186104040710,张慕宗,35.5万,山西,search_topic,到底怎样才能释怀一段关系,49,30,32,发泄悲伤，然后继续过你的生活。这个世界上没有谁是离不开谁的，你需要接受他离开这一事实，往前看，你会遇到更好的人和事物，当你的注意力从他身上转移到其他事物上，你会发现别的事情也很有意思。微博新知博主一段感情的结束总是伴随着悲伤与遗憾，因为你曾经那么用,2023-04-19 10:32:02
4892166948128586,https://m.weibo.cn/detail/4892166948128586,西部决策,368万,陕西,video,医院如何做好防火安全,1995,336,473,：畅通消防通道，留心高危场所月日，北京长峰医院住院部东楼发生火情。截至时，经转院救治无效，人不幸死亡。住院部人员集中，环境相对封闭，一旦发生火灾后果往往严重，医院做好防火尤为重要。首先要保证消防通道的畅通，防盗窗应该留有开口，消防设施定期查验。其,2023-04-19 09:15:55
4892172043945341,https://m.weibo.cn/detail/4892172043945341,央视新闻,1.31亿,北京,video,下一个宝藏城市会在哪条赛道起飞,1620,378,311,淄博烧烤后潍坊风筝们如何起飞直冲云霄的“复兴号”、排着队的葫芦娃、空中敬礼的黑猫警长这两天，继山东淄博烧烤之后，山东潍坊的风筝也火了。下一个宝藏城市会在哪条赛道起飞？潍坊为各个城市提供了一个新思路：传承好非遗，打好民俗旅游这张牌。美食可以吸引人，文化也能打动人，城市营,2023-04-19 09:36:10
4892342690255153,https://m.weibo.cn/detail/4892342690255153,陇南交警,5.3万,甘肃,topic,下一个宝藏城市会在哪条赛道起飞,59,68,1,晚安你梦想成为什么样的人，你就能成为什么样的人羞嗒嗒羞嗒嗒羞嗒嗒摆摊卖烤肠真能月入过万吗下一个宝藏城市会在哪条赛道起飞,2023-04-19 20:54:15
4892242269965520,https://m.weibo.cn/detail/4892242269965520,头脑机灵,3.6万,福建,video,存钱的意义到底是什么,823,169,177,简单的说：你卡里面有多少余额意味着你未来有多少选择的机会和抵抗未知风险的能力胖达胖达月薪万的同事一年存了万头脑机灵的微博视频,2023-04-19 14:15:13
4892291539408320,https://m.weibo.cn/detail/4892291539408320,艾石头irok,7.9万,北京,search_topic,存钱的意义到底是什么,25,26,4,在于：当艾石头出新品键盘的时候可以毫不犹豫的买买买（暗示有新品快来了懂我意思吧？）大家是享乐派还是存钱派？,2023-04-19 17:31:00
4892268269930136,https://m.weibo.cn/detail/4892268269930136,果宝妈加油,1.2万,四川,video,存钱的意义到底是什么,61,33,12,安全感为生活兜底没有存款没有收入，其他不说，吃什么有孩子之后，就不是一人吃饱全家不饿的概念了，花钱的地方更多月薪万的同事一年存了万果宝妈加油的微博视频,2023-04-19 15:58:32
4892276037257238,https://m.weibo.cn/detail/4892276037257238,网络发言大赏,329.9万,浙江,search_topic,毕业到现在存了多少钱,53478,88,7,,2023-04-19 16:29:24
4892251572668835,https://m.weibo.cn/detail/4892251572668835,漂亮虎咚咚,172.6万,辽宁,search_topic,对男爱豆的身高应该有要求吗,38881,1659,1841,现在男爱豆的身高对男爱豆的身高应该有要求吗,2023-04-19 14:52:11
4892296426820376,https://m.weibo.cn/detail/4892296426820376,羊就是咩咩叫,52.9万,陕西,search_topic,对男爱豆的身高应该有要求吗,2212,111,68,已知张元英是,2023-04-19 17:50:25
4892287894557227,https://m.weibo.cn/detail/4892287894557227,BoysPlanet小哥哥巴士,100.7万,海南,search_topic,对男爱豆的身高应该有要求吗,2198,212,39,内娱也开始审批身高，张元英，那么男爱豆应该有身高要求吗，多高可以？对男爱豆的身高应该有要求吗,2023-04-19 17:16:31
4892291360359794,https://m.weibo.cn/detail/4892291360359794,圈内,407.2万,山西,search_topic,对男爱豆的身高应该有要求吗,97,48,15,亚洲男性平均身高才，比张元英低的就不能出道也太苛刻了允悲,2023-04-19 17:30:17
4892275089610564,https://m.weibo.cn/detail/4892275089610564,机智达人,423.9万,四川,video,你为什么爱过度思考,1139,65,4096,月奇趣季机智达人的微博视频,2023-04-19 16:25:38
4892259231993229,https://m.weibo.cn/detail/4892259231993229,蟹老板爱卖萌,199.4万,内蒙古,video,怎么会有猫这样睡觉啊,1369,326,986,哈哈哈怎么会有猫这样睡觉啊这睡姿放到整个猫届也是相当炸裂的月奇趣季人间四月天蟹老板爱卖萌的微博视频,2023-04-19 15:22:37
4892268153280056,https://m.weibo.cn/detail/4892268153280056,兴风作浪的姑奶奶bot,10.3万,内蒙古,video,怎么会有猫这样睡觉啊,97,6,12,哈哈哈哈哈哈猫猫这睡姿绝了人间四月天月奇趣季兴风作浪的姑奶奶的微博视频,2023-04-19 15:58:04
4892292571467083,https://m.weibo.cn/detail/4892292571467083,推图鹅,987.7万,河北,search_topic,这真的不是亲子鉴定吗,73,0,61,论文免费查重网站大合集,2023-04-19 17:35:06
4892236632294668,https://m.weibo.cn/detail/4892236632294668,齐鲁晚报,1425.2万,山东,search_topic,淄博烧烤的热度为什么居高不下,5003,63,9,从月初大学生“特种兵”们攻占淄博烧烤，到如今火爆全网，一个多月以来，有关淄博的热搜，一波接一波霸屏，完全没有停歇的意思。据了解，“五一”期间淄博旅游订单同比增长。有网友好奇，淄博烧烤的热度为什么居高不下？烧烤只是掀开了这座城市的一角，另类爆款背后，是当地政府的迅速响应和,2023-04-19 13:52:49
4892358552847961,https://m.weibo.cn/detail/4892358552847961,稳健投资者_a11,3万,福建,search_topic,淄博烧烤的热度为什么居高不下,111,2,4,得有点意外，它只是做了一个城市、一个商家本就该正常完成的动作，却被感动得热泪盈眶的人民团团围住，久久不肯离去。这种现象从另外一个侧面折射出这个社会是有多么缺爱，缺乏了多少本就该有的真诚、善良、诚信这样的人间美好，尽管人们最近把挂在嘴边我不是,2023-04-19 21:57:17
4892239790346111,https://m.weibo.cn/detail/4892239790346111,西部决策,368万,陕西,video,淄博烧烤的热度为什么居高不下,51,2,4,带来的感动一波接着一波淄博大爷大妈穿红马甲在八大局当义工月日，山东淄博，“我们是义务的”大爷大妈们穿着红马甲在八大局便民市场清理路面垃圾。网友：全城一条心，真的被淄博感动到。淄博烧烤的热度为什么居高不下齐鲁晚报的微博视频齐鲁晚报齐鲁晚报,2023-04-19 14:05:22
4892341992948880,https://m.weibo.cn/detail/4892341992948880,娱乐侦察社,598万,北京,video,遇到蒋梦婕的遭遇你会怎么办,150,131,126,让人痛心，只希望此类事情以后不要再发生，面对这样的事情有着多种的处理方式，冷处理、保持沉默、勇敢面对等，你会怎么办？早前蒋梦婕在采访中说到：女性不被定义勇敢做自己吧娱乐侦察社的微博视频,2023-04-19 20:51:29
4892362591961638,https://m.weibo.cn/detail/4892362591961638,花无涯,85.7万,湖南,search_topic,遇到蒋梦婕的遭遇你会怎么办,61,1,0,被恶意拍裙底勒索遇到蒋梦婕的遭遇你会怎么办为什么被拍的人要被毁下半生，而不是拍的人被毁？凭什么受害者要被迫害，而不是加害者遭殃。,2023-04-19 22:13:19
4892302700713165,https://m.weibo.cn/detail/4892302700713165,小谷的信箱,20.6万,河南,video,为什么很多情侣败给了冷淡期,3022,405,652,感情终究会归于平淡，只有和陌生人才有说不完的话，没有话题的时候才是真感情地出现。不要因为新鲜感而把他弄丢了，你应该和他一起熬过这段难熬的日子，熬过这个冷淡期。当你们经历过冷淡期并且熬过来以后，你们就会发现，其实没有什么能把你们分开了暖春心动季,2023-04-19 18:15:21
4892385056916010,https://m.weibo.cn/detail/4892385056916010,木木命礼,4.9万,广西,search_topic,为什么很多情侣败给了冷淡期,31,1,4,害怕突如其来的热情和一改往常的冷淡。我不是不理你，我只是在等你先开口。任何东西，在错过了需要的那个时间段后再出现，都没有意义了。很多情侣败给了冷淡期。,2023-04-19 23:42:36
4892375253519406,https://m.weibo.cn/detail/4892375253519406,开拖拉机北漂的Y哥哥,2312,湖南,search_topic,为什么很多情侣败给了冷淡期,87,6,1,不想谈就说不想谈，整那么多词儿干嘛？不同年龄段再看《西游记》都能看出新花样，怎么一大活人就谈不了了？？？,2023-04-19 23:03:39
4892320383898690,https://m.weibo.cn/detail/4892320383898690,年年plog,2.3万,河北,video,为什么很多情侣败给了冷淡期,46,47,26,在我们现实生活中，每一对情侣都有可能会经历一段冷淡期，就像每个孩子在成长期间总会经历一些叛逆期一样。但大家也不需要过于担心，第一，在这段期间内，情侣之间不可以互相不理睬对方，两人要多抽出一些时间出去约会。第二，如果两个人工作都不是很忙的话，可以,2023-04-19 19:25:37
4892614132237301,https://m.weibo.cn/detail/4892614132237301,中国网娱乐,306.8万,北京,search_topic,郑云龙问准备好纸巾了吗,36,5,3,昨日郑云龙郑云龙在微博晒出《灌篮高手》的号球服并问大家都准备好纸巾了吗？看来郑云龙也喜欢《灌篮高手》呀哈哈四月娱人节,2023-04-20 14:52:52
4892262716671821,https://m.weibo.cn/detail/4892262716671821,真爱云霄,1597,黑龙江,search_topic,郑云龙问准备好纸巾了吗,87,12,6,送花花郑云龙晒号球服还是那个热血篮球少年，真好真可爱啊郑云龙郑云龙,2023-04-19 15:36:28
4892258216446771,https://m.weibo.cn/detail/4892258216446771,未度失,3199,浙江,search_topic,郑云龙问准备好纸巾了吗,108,6,1,锦鲤附体郑云龙晒号球服篮球宝贝锦鲤附体锦鲤附体锦鲤附体,2023-04-19 15:18:35
4892267933865462,https://m.weibo.cn/detail/4892267933865462,momoArrbyg,516,上海,search_topic,郑云龙问准备好纸巾了吗,103,20,0,永不放弃，永不言败拳头拳头拳头好想大声说爱你心郑云龙郑云龙郑云龙晒号球服郑云龙问准备好纸巾了吗,2023-04-19 15:57:12
4892535912400773,https://m.weibo.cn/detail/4892535912400773,百通新闻APP,1228.2万,福建,video,岁回乡当村医是什么体验,906,319,306,后女生返乡当村医嘶吼式问诊以前老村医都要骑马、徒步去给村民看病，每天走路公里，三个月磨破一双解放鞋，用老三件问诊，现在都是水泥路，导辅诊，远程诊疗，好的环境、先进的医疗体系给了后女生返乡当村医的底气。岁回乡当村医是什么体验贵州日报官微的微博视频,2023-04-20 09:42:03
4892534842592463,https://m.weibo.cn/detail/4892534842592463,这个太牛了,913万,福建,search_topic,岁回乡当村医是什么体验,1557,475,456,后女生返乡当村医嘶吼式问诊以前我们都觉得后还是孩子，没想到他们已经可以承担起很多社会责任，还可以回到家乡当起了村医，真是让人刮目相看啊岁回乡当村医是什么体验,2023-04-20 09:37:48
4892535442375507,https://m.weibo.cn/detail/4892535442375507,我有个朋友,369.3万,福建,search_topic,岁回乡当村医是什么体验,1294,374,364,后女生返乡当村医嘶吼式问诊一个后女生回到村里需要多大的勇气啊，将自己的青春奉献给了这座小村庄，用自己学到的知识和技能帮助老村医提高医疗水平，彻底解决村民看病难的问题。岁回乡当村医是什么体验,2023-04-20 09:40:11
4892535283254191,https://m.weibo.cn/detail/4892535283254191,我的沙雕笔记,586.2万,福建,search_topic,岁回乡当村医是什么体验,1265,391,377,以前看病老三件，现在看病用导辅诊是科技的发展啊，也是后把这种科技带入到村里。后女生返乡当村医嘶吼式问诊，希望有更多的后能投入返乡行列中。,2023-04-20 09:39:33
4892535098705974,https://m.weibo.cn/detail/4892535098705974,胡萝卜娱乐,326万,福建,search_topic,岁回乡当村医是什么体验,1257,338,328,这个妹子也是很有耐心了，换做我天天这样嘶吼式问诊，我会耐不住性子。她还在生活中给予村民关爱，是有爱之人。后女生返乡当村医嘶吼式问诊,2023-04-20 09:38:49
4892535073804101,https://m.weibo.cn/detail/4892535073804101,元气少女李秋萍,291.4万,福建,search_topic,岁回乡当村医是什么体验,1271,297,291,后女生返乡当村医嘶吼式问诊嘶吼式问诊，听起来很简单其实也很无奈，但是为了老年人的健康是值得的，希望多一些这样的年青人回到家乡，给家乡注入活力，给老人带去温暖。岁回乡当村医是什么体验,2023-04-20 09:38:43
4892536659247291,https://m.weibo.cn/detail/4892536659247291,新华网,9531.2万,北京,video,夜间醒来看时间会影响睡眠吗,36,10,16,？睡眠差的人晚上睡觉最好别看时间睡眠过程中突然醒来，很多人的第一反应都是拿起表或手机，看看现在几点了。医生表示：对于睡眠质量很好的人来说，入睡或觉醒其实不用参考时间，而睡眠不好的人夜间睡眠过程当中最好不要看时间，这种行为对于睡眠没有任何积极的影响,2023-04-20 09:45:00
4892589906461605,https://m.weibo.cn/detail/4892589906461605,老阿姨在看着你,288.6万,北京,search_topic,你认为读书需要仪式感吗,98,18,22,非功利性的读书，仪式感不就是随心所欲的躺着趴车滚着倒立着所以看书么苦涩：这种吊床读书角真是我的梦想了,2023-04-20 13:16:36
4892568964563493,https://m.weibo.cn/detail/4892568964563493,中国青年报,2020.2万,北京,search_topic,你认为读书需要仪式感吗,14811,131,108,投票：你认为读书需要仪式感吗？有人觉得读书需要仪式感，最好是有一张安静的书桌，不受干扰的翻阅纸质书籍；也有人觉得读书不必拘泥形式，哪怕是排队时拿手机阅读也算在读书。你认为读书需要仪式感吗？快投票留下你的看法。还可以在评论区分享一本喜欢的书哦,2023-04-20 11:53:23
4892555534140715,https://m.weibo.cn/detail/4892555534140715,央视网,1847.5万,北京,video,水乳真的能美白吗,2768,401,1131,春夏时期，质地清爽又有功效的护肤产品成为了许多人的选择，水乳真的能美白吗成为热门讨论话题之一。美丽行动连线“老爸抽检”团队，记录真人实测，带你探究春夏该如何科学选择护肤品。点击视频，一起了解。央视网的微博视频,2023-04-20 11:00:01
